"customer_id","recency_score","frequency_score","monetary_score","rfm_segment","rfm_score"
"17581",5,5,5,"555",15
"14422",5,4,5,"545",14
"12985",5,3,4,"534",12
"12423",5,5,4,"554",14
"17754",5,4,4,"544",13
"17428",5,5,5,"555",15
"17490",5,5,5,"555",15
"15498",5,5,5,"555",15
"13113",5,5,5,"555",15
"15910",5,5,4,"554",14
"13069",5,5,5,"555",15
"18102",5,5,5,"555",15
"13777",5,5,5,"555",15
"12662",5,5,5,"555",15
"14441",5,5,4,"554",14
"12433",5,5,5,"555",15
"15694",5,5,5,"555",15
"12713",5,2,3,"523",10
"17389",5,5,5,"555",15
"17315",5,5,5,"555",15
"12526",5,3,4,"534",12
"16558",5,5,5,"555",15
"16626",5,5,5,"555",15
"13426",5,5,5,"555",15
"17364",5,5,5,"555",15
"12748",5,5,5,"555",15
"15311",5,5,5,"555",15
"17001",5,5,5,"555",15
"14051",5,5,5,"555",15
"12680",5,4,3,"543",12
"16446",5,3,5,"535",13
"14446",5,4,4,"544",13
"12518",5,4,4,"544",13
"16705",5,5,5,"555",15
"15344",5,4,3,"543",12
"14397",5,5,5,"555",15
"15804",5,5,5,"555",15
"16954",5,5,4,"554",14
"17522",5,4,4,"544",13
"14646",5,5,5,"555",15
"14621",5,4,4,"544",13
"14217",5,5,4,"554",14
"17631",5,3,3,"533",11
"17526",5,5,4,"554",14
"13924",5,5,4,"554",14
"15214",5,5,4,"554",14
"15156",5,3,4,"534",12
"15520",5,2,2,"522",9
"14730",5,5,4,"554",14
"17405",5,4,4,"544",13
"12621",5,5,5,"555",15
"14129",5,4,4,"544",13
"13081",5,5,5,"555",15
"17491",5,5,5,"555",15
"17673",5,4,4,"544",13
"16892",5,4,3,"543",12
"15755",5,5,5,"555",15
"15898",5,4,4,"544",13
"14698",5,4,4,"544",13
"13954",5,3,3,"533",11
"13798",5,5,5,"555",15
"17528",5,5,5,"555",15
"13890",5,5,4,"554",14
"15189",5,5,5,"555",15
"16833",5,4,4,"544",13
"17949",5,5,5,"555",15
"17668",5,2,2,"522",9
"15951",5,3,3,"533",11
"13408",5,5,5,"555",15
"16019",5,5,5,"555",15
"14135",5,5,5,"555",15
"13536",5,5,5,"555",15
"15877",5,3,3,"533",11
"16322",5,2,2,"522",9
"13471",5,4,5,"545",14
"17677",5,5,5,"555",15
"13680",5,4,5,"545",14
"13078",5,5,5,"555",15
"13026",5,5,4,"554",14
"16933",5,4,3,"543",12
"13468",5,5,5,"555",15
"13013",5,5,5,"555",15
"15453",5,5,4,"554",14
"13098",5,5,5,"555",15
"17675",5,5,5,"555",15
"16442",5,3,3,"533",11
"15208",5,4,3,"543",12
"12558",5,3,3,"533",11
"16794",5,5,4,"554",14
"17530",5,5,5,"555",15
"13263",5,5,5,"555",15
"17451",5,5,4,"554",14
"15159",5,5,5,"555",15
"14606",5,5,5,"555",15
"13314",5,4,4,"544",13
"13599",5,5,5,"555",15
"15443",5,5,5,"555",15
"13860",5,4,4,"544",13
"14291",5,5,5,"555",15
"15484",5,4,5,"545",14
"13318",5,3,3,"533",11
"18109",5,5,5,"555",15
"17757",5,5,5,"555",15
"12523",5,5,4,"554",14
"14653",5,5,4,"554",14
"13269",5,5,5,"555",15
"14569",5,1,1,"511",7
"16688",5,4,4,"544",13
"17243",5,5,5,"555",15
"14719",5,4,4,"544",13
"17644",5,5,5,"555",15
"14251",5,4,5,"545",14
"13077",5,4,3,"543",12
"13394",5,5,5,"555",15
"15796",5,5,5,"555",15
"14520",5,2,2,"522",9
"16891",5,4,3,"543",12
"14702",5,5,5,"555",15
"14138",5,3,4,"534",12
"17144",5,3,4,"534",12
"15187",5,5,5,"555",15
"14056",5,5,5,"555",15
"13436",5,1,1,"511",7
"13404",5,2,2,"522",9
"14911",5,5,5,"555",15
"18210",5,4,5,"545",14
"16210",5,5,5,"555",15
"16358",5,4,4,"544",13
"16523",5,5,5,"555",15
"15399",5,3,3,"533",11
"14415",5,5,5,"555",15
"12358",5,3,4,"534",12
"18223",5,5,5,"555",15
"17924",5,5,5,"555",15
"12437",5,5,5,"555",15
"17554",5,4,4,"544",13
"14796",5,5,5,"555",15
"13102",5,5,5,"555",15
"13883",5,5,5,"555",15
"13298",5,1,2,"512",8
"12955",5,5,5,"555",15
"17436",5,2,1,"521",8
"16161",5,5,5,"555",15
"15950",5,4,4,"544",13
"13510",5,4,4,"544",13
"17856",5,4,4,"544",13
"17830",5,3,2,"532",10
"15237",5,4,4,"544",13
"14442",5,4,4,"544",13
"13521",5,3,4,"534",12
"14191",5,5,5,"555",15
"17841",5,5,5,"555",15
"16401",5,5,5,"555",15
"12476",5,5,5,"555",15
"12462",5,4,4,"544",13
"16191",5,5,5,"555",15
"16393",5,5,5,"555",15
"14739",5,5,5,"555",15
"15750",5,5,5,"555",15
"16817",5,5,4,"554",14
"13743",5,5,4,"554",14
"17870",5,5,4,"554",14
"15298",5,5,5,"555",15
"18272",5,5,5,"555",15
"17017",5,5,5,"555",15
"13767",5,5,5,"555",15
"13685",5,5,5,"555",15
"16271",5,4,4,"544",13
"15195",5,2,5,"525",12
"12471",5,5,5,"555",15
"16426",5,5,4,"554",14
"18273",5,3,1,"531",9
"13267",5,5,5,"555",15
"14085",5,5,5,"555",15
"17511",5,5,5,"555",15
"13870",5,5,5,"555",15
"17232",5,2,2,"522",9
"13668",5,5,5,"555",15
"15969",5,4,3,"543",12
"13534",5,5,5,"555",15
"14141",5,4,3,"543",12
"13756",5,5,5,"555",15
"15525",5,4,3,"543",12
"14087",5,2,1,"521",8
"16525",5,5,5,"555",15
"15568",5,3,3,"533",11
"17735",5,5,5,"555",15
"12615",5,4,5,"545",14
"17503",5,3,3,"533",11
"12747",5,5,5,"555",15
"12828",5,4,4,"544",13
"12785",5,2,2,"522",9
"14527",5,5,5,"555",15
"14534",5,5,5,"555",15
"12583",5,5,5,"555",15
"17449",5,5,5,"555",15
"18219",5,5,5,"555",15
"18092",5,5,5,"555",15
"14910",5,5,2,"552",12
"13109",5,4,3,"543",12
"14794",5,5,4,"554",14
"17434",5,5,5,"555",15
"15136",5,4,4,"544",13
"14904",5,3,4,"534",12
"12935",5,5,5,"555",15
"16539",5,4,4,"544",13
"13014",5,5,5,"555",15
"14708",5,4,4,"544",13
"14769",5,5,5,"555",15
"16368",5,2,2,"522",9
"17091",5,5,5,"555",15
"12375",5,3,2,"532",10
"17590",5,3,4,"534",12
"12839",5,5,5,"555",15
"12720",5,5,5,"555",15
"12826",5,5,4,"554",14
"17602",5,5,5,"555",15
"13769",5,5,5,"555",15
"13949",5,4,5,"545",14
"15883",5,2,2,"522",9
"13089",5,5,5,"555",15
"12569",5,5,5,"555",15
"17042",5,4,4,"544",13
"16779",5,5,5,"555",15
"15471",5,1,2,"512",8
"14189",5,5,5,"555",15
"14132",5,5,5,"555",15
"12912",5,4,4,"544",13
"17049",5,5,5,"555",15
"12347",5,5,5,"555",15
"14032",5,5,5,"555",15
"12950",5,3,4,"534",12
"12783",5,5,5,"555",15
"17266",5,3,2,"532",10
"15701",5,4,4,"544",13
"15984",5,5,5,"555",15
"16458",5,5,5,"555",15
"18237",5,4,4,"544",13
"17835",5,3,2,"532",10
"14204",5,1,1,"511",7
"16678",5,5,5,"555",15
"13882",5,4,4,"544",13
"16000",5,3,5,"535",13
"17097",5,5,4,"554",14
"16672",5,5,5,"555",15
"17412",5,5,4,"554",14
"14395",5,5,5,"555",15
"17238",5,5,5,"555",15
"16971",5,3,2,"532",10
"12362",5,5,5,"555",15
"12877",5,5,4,"554",14
"14825",5,5,5,"555",15
"17883",5,4,3,"543",12
"14110",5,5,5,"555",15
"13694",5,5,5,"555",15
"15061",5,5,5,"555",15
"16013",5,5,5,"555",15
"16143",5,5,5,"555",15
"16929",5,5,4,"554",14
"18167",5,4,4,"544",13
"12921",5,5,5,"555",15
"16133",5,5,5,"555",15
"14298",5,5,5,"555",15
"14121",5,4,5,"545",14
"12478",5,1,3,"513",9
"13199",5,5,5,"555",15
"17666",5,3,3,"533",11
"16949",5,5,4,"554",14
"14735",5,5,5,"555",15
"12682",5,5,5,"555",15
"17728",5,4,5,"545",14
"13362",5,4,5,"545",14
"15822",5,3,3,"533",11
"16313",5,2,2,"522",9
"12716",5,3,4,"534",12
"15157",5,4,4,"544",13
"17290",5,3,3,"533",11
"16554",5,5,4,"554",14
"18005",5,2,1,"521",8
"14655",5,4,4,"544",13
"12709",5,5,5,"555",15
"16201",5,4,4,"544",13
"14113",5,5,5,"555",15
"14673",5,4,4,"544",13
"17857",5,5,5,"555",15
"16711",5,4,4,"544",13
"16620",5,2,1,"521",8
"15814",5,4,4,"544",13
"16571",5,4,4,"544",13
"15992",5,1,1,"511",7
"16353",5,5,5,"555",15
"16979",5,5,4,"554",14
"16790",5,5,4,"554",14
"12971",5,5,5,"555",15
"13225",5,5,5,"555",15
"12766",5,5,5,"555",15
"12749",5,5,5,"555",15
"13881",5,5,5,"555",15
"15194",5,5,5,"555",15
"17481",5,4,4,"544",13
"14562",5,5,5,"555",15
"14543",5,5,5,"555",15
"17744",5,4,5,"545",14
"17861",5,5,5,"555",15
"13104",5,4,4,"544",13
"14868",5,5,5,"555",15
"17914",5,2,2,"522",9
"17611",5,5,5,"555",15
"12989",5,5,5,"555",15
"14503",5,4,5,"545",14
"14547",5,5,5,"555",15
"17119",5,3,3,"533",11
"13255",5,3,2,"532",10
"12479",5,3,3,"533",11
"14737",5,3,4,"534",12
"12584",5,5,5,"555",15
"18154",5,2,2,"522",9
"17593",5,4,5,"545",14
"14071",5,5,4,"554",14
"12650",5,2,2,"522",9
"13323",5,4,3,"543",12
"16764",5,5,5,"555",15
"12723",5,4,3,"543",12
"14572",5,5,5,"555",15
"15318",5,2,2,"522",9
"18225",5,5,5,"555",15
"17884",5,4,3,"543",12
"14216",5,4,4,"544",13
"16016",5,5,4,"554",14
"13755",5,5,5,"555",15
"14418",5,3,4,"534",12
"14907",5,5,5,"555",15
"13709",5,5,5,"555",15
"14869",5,3,3,"533",11
"16495",5,3,3,"533",11
"14578",5,1,1,"511",7
"18283",5,5,4,"554",14
"15622",5,5,5,"555",15
"17346",5,5,5,"555",15
"12967",5,4,5,"545",14
"12442",5,1,1,"511",7
"15907",5,3,3,"533",11
"17730",5,5,5,"555",15
"13507",5,4,5,"545",14
"17705",5,5,4,"554",14
"14282",5,5,5,"555",15
"12753",5,5,5,"555",15
"16076",5,5,5,"555",15
"16569",5,1,1,"511",7
"13914",5,3,3,"533",11
"14140",5,3,3,"533",11
"14293",5,4,4,"544",13
"16987",5,5,4,"554",14
"17250",5,2,2,"522",9
"17659",5,5,5,"555",15
"13994",5,4,5,"545",14
"14871",5,4,3,"543",12
"16528",5,1,1,"511",7
"16015",5,4,3,"543",12
"12417",5,5,5,"555",15
"12820",5,4,3,"543",12
"15023",5,5,5,"555",15
"14608",5,4,4,"544",13
"13985",5,5,5,"555",15
"16597",5,1,1,"511",7
"13126",5,5,5,"555",15
"14096",5,5,5,"555",15
"13083",5,2,2,"522",9
"14696",5,5,4,"554",14
"15640",5,5,5,"555",15
"18198",5,5,5,"555",15
"18030",5,3,1,"531",9
"16642",5,3,3,"533",11
"15854",5,5,5,"555",15
"17920",5,5,5,"555",15
"13305",5,5,4,"554",14
"16873",5,5,5,"555",15
"16904",5,5,5,"555",15
"14194",5,5,5,"555",15
"16149",5,2,2,"522",9
"13021",5,5,5,"555",15
"15053",5,3,3,"533",11
"16684",5,5,5,"555",15
"15856",5,5,5,"555",15
"16968",5,2,2,"522",9
"18015",5,2,1,"521",8
"15031",5,4,3,"543",12
"14629",5,3,4,"534",12
"12381",5,4,4,"544",13
"15290",5,5,5,"555",15
"14198",5,5,3,"553",13
"15097",5,2,2,"522",9
"17817",5,3,2,"532",10
"13079",5,4,1,"541",10
"15392",5,4,4,"544",13
"16851",5,3,2,"532",10
"13790",5,2,2,"522",9
"14060",5,5,5,"555",15
"16746",5,5,5,"555",15
"17383",5,1,1,"511",7
"17090",5,5,4,"554",14
"14649",5,4,4,"544",13
"13311",5,3,3,"533",11
"14777",5,2,1,"521",8
"15690",5,2,1,"521",8
"14083",5,5,4,"554",14
"16360",5,5,5,"555",15
"17404",5,5,5,"555",15
"17706",5,5,5,"555",15
"12841",5,5,5,"555",15
"12683",5,5,5,"555",15
"14759",5,3,4,"534",12
"14793",5,2,1,"521",8
"16910",5,5,4,"554",14
"12957",5,5,5,"555",15
"16592",5,5,5,"555",15
"18044",5,5,5,"555",15
"16600",5,4,3,"543",12
"14401",5,5,5,"555",15
"16682",5,4,4,"544",13
"16200",5,3,4,"534",12
"12628",5,4,3,"543",12
"17579",5,4,2,"542",11
"17402",5,5,5,"555",15
"15033",5,5,5,"555",15
"15932",5,5,5,"555",15
"14075",5,3,3,"533",11
"13230",5,5,5,"555",15
"17006",5,4,3,"543",12
"16513",5,4,3,"543",12
"16379",5,4,5,"545",14
"15358",5,5,5,"555",15
"14219",5,1,1,"511",7
"13173",5,2,2,"522",9
"17811",5,5,5,"555",15
"17426",5,5,5,"555",15
"15628",5,5,5,"555",15
"12646",5,3,4,"534",12
"14931",5,4,4,"544",13
"15550",5,4,3,"543",12
"16500",5,4,2,"542",11
"12994",5,4,4,"544",13
"17676",5,5,4,"554",14
"12913",5,4,5,"545",14
"13417",5,3,3,"533",11
"14546",5,5,5,"555",15
"13001",5,5,5,"555",15
"12782",5,4,5,"545",14
"16811",5,3,3,"533",11
"17254",5,2,2,"522",9
"18180",5,4,4,"544",13
"12925",5,3,3,"533",11
"17218",5,5,4,"554",14
"16057",5,5,5,"555",15
"15572",5,5,5,"555",15
"15145",5,4,4,"544",13
"15274",5,3,3,"533",11
"12367",5,1,1,"511",7
"15621",5,4,4,"544",13
"17750",5,5,4,"554",14
"13808",5,4,4,"544",13
"13956",5,4,4,"544",13
"14583",5,4,4,"544",13
"16905",5,5,5,"555",15
"12719",5,3,3,"533",11
"14456",5,5,5,"555",15
"17173",5,5,5,"555",15
"16033",5,5,5,"555",15
"13435",5,5,5,"555",15
"15773",5,1,3,"513",9
"17827",5,4,4,"544",13
"13153",5,1,2,"512",8
"16988",5,1,1,"511",7
"14658",5,2,2,"522",9
"17858",5,5,5,"555",15
"17131",5,4,5,"545",14
"16438",5,4,3,"543",12
"17114",5,5,3,"553",13
"13558",5,4,3,"543",12
"14720",5,3,3,"533",11
"13838",5,4,3,"543",12
"16561",5,3,3,"533",11
"12490",5,5,5,"555",15
"17954",5,5,5,"555",15
"13704",5,5,5,"555",15
"13319",5,5,5,"555",15
"15867",5,5,5,"555",15
"13736",5,3,3,"533",11
"14102",5,5,4,"554",14
"17936",5,1,2,"512",8
"12560",5,4,5,"545",14
"13596",5,3,3,"533",11
"18065",5,5,5,"555",15
"13822",5,3,3,"533",11
"13630",5,5,4,"554",14
"12673",5,3,3,"533",11
"16326",5,5,5,"555",15
"17618",5,3,3,"533",11
"16283",5,5,4,"554",14
"12827",5,3,2,"532",10
"12724",5,4,4,"544",13
"16535",5,1,3,"513",9
"12952",5,4,4,"544",13
"17629",5,5,4,"554",14
"14354",5,2,1,"521",8
"16931",5,5,5,"555",15
"15547",5,5,5,"555",15
"12704",5,5,5,"555",15
"15570",5,5,5,"555",15
"13953",5,5,5,"555",15
"17183",5,5,5,"555",15
"15078",5,5,5,"555",15
"14292",5,5,5,"555",15
"14594",5,2,2,"522",9
"14897",5,4,4,"544",13
"14688",5,5,5,"555",15
"13458",5,5,5,"555",15
"14865",5,2,1,"521",8
"14493",5,5,5,"555",15
"16333",5,5,5,"555",15
"15769",5,5,5,"555",15
"12962",5,2,2,"522",9
"18245",5,5,5,"555",15
"18174",5,2,1,"521",8
"18055",5,5,5,"555",15
"12856",5,5,5,"555",15
"12762",5,3,4,"534",12
"15123",5,3,5,"535",13
"17686",5,5,5,"555",15
"17157",5,3,2,"532",10
"12970",5,4,2,"542",11
"13780",5,2,2,"522",9
"14031",5,5,5,"555",15
"12465",5,3,3,"533",11
"13183",5,5,5,"555",15
"14023",5,3,3,"533",11
"16038",5,4,2,"542",11
"13297",5,4,5,"545",14
"12695",5,4,3,"543",12
"12536",5,4,5,"545",14
"13705",5,3,3,"533",11
"13017",5,1,1,"511",7
"14126",5,4,3,"543",12
"14788",5,3,3,"533",11
"12668",5,4,5,"545",14
"14895",5,5,5,"555",15
"17386",5,4,5,"545",14
"18097",5,5,5,"555",15
"17086",5,4,4,"544",13
"13309",5,4,4,"544",13
"13560",5,1,1,"511",7
"13868",5,3,5,"535",13
"12587",5,1,1,"511",7
"17567",5,5,5,"555",15
"13352",5,2,2,"522",9
"13495",5,4,5,"545",14
"12700",5,4,5,"545",14
"14250",5,3,4,"534",12
"15539",5,1,3,"513",9
"18282",5,3,1,"531",9
"17584",5,3,4,"534",12
"17495",5,3,3,"533",11
"18144",5,5,5,"555",15
"16899",5,4,4,"544",13
"16989",5,4,4,"544",13
"17221",5,2,2,"522",9
"12684",5,5,5,"555",15
"16440",5,4,5,"545",14
"14428",5,5,4,"554",14
"12364",5,3,4,"534",12
"16759",5,4,3,"543",12
"13884",5,4,3,"543",12
"12359",5,4,5,"545",14
"16474",5,5,4,"554",14
"14092",5,5,5,"555",15
"14560",5,5,5,"555",15
"17942",5,1,1,"511",7
"16103",5,4,4,"544",13
"16359",5,5,4,"554",14
"13969",5,5,5,"555",15
"15271",5,5,5,"555",15
"14329",5,5,5,"555",15
"12919",5,5,4,"554",14
"17576",5,5,5,"555",15
"14950",5,2,2,"522",9
"14626",5,5,5,"555",15
"17540",5,3,3,"533",11
"12951",5,5,4,"554",14
"16242",5,5,5,"555",15
"14367",5,5,5,"555",15
"15172",5,4,4,"544",13
"14178",5,4,4,"544",13
"15687",5,5,5,"555",15
"14853",5,3,2,"532",10
"16376",5,3,4,"534",12
"13410",5,4,4,"544",13
"14960",5,2,1,"521",8
"17293",5,5,4,"554",14
"13159",5,4,4,"544",13
"17566",5,3,3,"533",11
"13115",5,5,5,"555",15
"14188",5,5,5,"555",15
"12664",5,5,5,"555",15
"16938",5,4,5,"545",14
"15197",5,4,4,"544",13
"16813",5,5,4,"554",14
"17381",5,5,5,"555",15
"15745",5,4,4,"544",13
"16789",5,1,1,"511",7
"15904",5,1,1,"511",7
"12963",5,5,4,"554",14
"16156",5,5,5,"555",15
"16240",5,4,5,"545",14
"14243",5,5,5,"555",15
"16169",5,4,4,"544",13
"14804",5,1,2,"512",8
"13171",5,4,3,"543",12
"17636",5,2,2,"522",9
"16011",5,5,5,"555",15
"15373",5,5,5,"555",15
"12901",5,5,5,"555",15
"14309",5,5,5,"555",15
"14287",5,4,1,"541",10
"15862",5,4,3,"543",12
"16700",5,5,5,"555",15
"16119",5,2,2,"522",9
"12572",5,3,4,"534",12
"15144",5,5,5,"555",15
"14525",5,5,5,"555",15
"14732",5,5,5,"555",15
"15021",5,5,4,"554",14
"14388",5,5,5,"555",15
"14289",5,4,3,"543",12
"16839",5,5,5,"555",15
"17071",5,5,5,"555",15
"14047",5,5,4,"554",14
"12562",5,5,5,"555",15
"13644",5,4,5,"545",14
"17828",5,5,4,"554",14
"13040",5,3,3,"533",11
"15993",5,5,5,"555",15
"12553",5,5,5,"555",15
"16966",5,5,5,"555",15
"14766",5,5,5,"555",15
"14860",5,2,1,"521",8
"15500",5,4,4,"544",13
"16293",5,5,5,"555",15
"15101",5,3,2,"532",10
"17321",5,3,3,"533",11
"14146",5,4,5,"545",14
"17768",5,3,4,"534",12
"14389",5,4,4,"544",13
"13509",5,5,4,"554",14
"15563",5,5,4,"554",14
"17063",5,5,4,"554",14
"15948",5,3,4,"534",12
"15380",5,4,4,"544",13
"14262",5,5,5,"555",15
"17014",5,4,3,"543",12
"15602",5,5,4,"554",14
"14440",5,4,5,"545",14
"14659",5,5,5,"555",15
"15531",5,3,4,"534",12
"13854",5,5,5,"555",15
"18122",5,4,4,"544",13
"16570",5,5,5,"555",15
"16701",5,5,5,"555",15
"17450",5,5,5,"555",15
"17115",5,4,3,"543",12
"17937",5,5,5,"555",15
"13971",5,5,5,"555",15
"18130",5,4,4,"544",13
"15544",5,5,5,"555",15
"14299",5,5,5,"555",15
"15434",5,4,4,"544",13
"13853",5,3,4,"534",12
"18077",5,5,5,"555",15
"13310",5,4,4,"544",13
"15028",5,4,3,"543",12
"15060",5,4,2,"542",11
"16145",5,5,5,"555",15
"17350",5,4,4,"544",13
"13365",5,3,5,"535",13
"16496",5,4,4,"544",13
"17044",5,3,4,"534",12
"13090",5,5,5,"555",15
"15654",5,3,3,"533",11
"14156",5,5,5,"555",15
"18179",5,4,4,"544",13
"15039",5,5,5,"555",15
"17911",5,1,2,"512",8
"12714",5,4,5,"545",14
"15676",5,4,5,"545",14
"14005",5,4,5,"545",14
"13050",5,5,5,"555",15
"13647",5,4,4,"544",13
"14875",5,4,4,"544",13
"14963",5,4,4,"544",13
"15712",5,4,4,"544",13
"18241",5,5,4,"554",14
"12966",5,1,1,"511",7
"15152",5,5,5,"555",15
"17340",5,5,5,"555",15
"15046",5,5,5,"555",15
"18058",5,1,1,"511",7
"17502",5,4,3,"543",12
"16062",5,4,4,"544",13
"14733",5,5,5,"555",15
"15394",5,4,5,"545",14
"15251",5,5,5,"555",15
"15782",5,4,5,"545",14
"15611",5,5,4,"554",14
"15113",5,4,5,"545",14
"12429",5,4,5,"545",14
"15793",5,4,4,"544",13
"18059",5,4,2,"542",11
"15467",5,4,3,"543",12
"16361",5,4,3,"543",12
"16241",5,5,5,"555",15
"14644",5,4,3,"543",12
"16657",5,4,3,"543",12
"13203",5,4,3,"543",12
"12494",5,5,4,"554",14
"14618",5,4,3,"543",12
"14062",5,5,5,"555",15
"13212",5,4,3,"543",12
"14713",5,5,5,"555",15
"14755",5,5,5,"555",15
"14432",5,4,5,"545",14
"17736",5,4,2,"542",11
"15073",5,4,4,"544",13
"16712",5,5,5,"555",15
"13012",5,5,4,"554",14
"16915",5,4,3,"543",12
"16295",5,4,4,"544",13
"16265",5,5,5,"555",15
"13784",5,5,5,"555",15
"14385",5,3,1,"531",9
"18230",5,5,5,"555",15
"12787",5,3,2,"532",10
"12488",5,3,4,"534",12
"18158",5,3,2,"532",10
"15024",5,5,4,"554",14
"14258",5,5,5,"555",15
"14936",5,5,5,"555",15
"16717",5,5,5,"555",15
"12953",5,2,2,"522",9
"12598",5,5,5,"555",15
"15414",5,3,3,"533",11
"12528",5,5,4,"554",14
"16101",5,3,4,"534",12
"15680",5,3,4,"534",12
"17096",5,5,4,"554",14
"17737",5,2,1,"521",8
"14540",5,3,3,"533",11
"12882",5,3,4,"534",12
"15444",5,3,4,"534",12
"15903",5,5,5,"555",15
"12630",5,3,4,"534",12
"14893",5,3,4,"534",12
"13658",5,5,5,"555",15
"17727",5,3,4,"534",12
"12524",5,5,5,"555",15
"17288",5,5,4,"554",14
"16115",5,5,4,"554",14
"16956",5,2,2,"522",9
"14448",5,2,2,"522",9
"12784",5,3,3,"533",11
"14173",5,4,2,"542",11
"14550",5,3,3,"533",11
"12464",5,5,4,"554",14
"15615",5,5,5,"555",15
"14419",5,4,4,"544",13
"14667",5,5,5,"555",15
"13428",5,1,1,"511",7
"13068",5,2,2,"522",9
"17682",5,5,5,"555",15
"15790",5,1,1,"511",7
"16479",5,2,2,"522",9
"17772",5,2,1,"521",8
"14088",5,5,5,"555",15
"14711",5,5,5,"555",15
"12670",5,4,5,"545",14
"17655",5,5,5,"555",15
"14321",5,4,4,"544",13
"12627",5,5,5,"555",15
"16852",5,2,1,"521",8
"17468",5,2,1,"521",8
"13928",5,4,2,"542",11
"12798",5,3,5,"535",13
"16992",5,4,4,"544",13
"14209",5,5,4,"554",14
"14701",5,5,5,"555",15
"14785",5,2,1,"521",8
"15206",5,4,2,"542",11
"13198",5,5,5,"555",15
"14836",5,3,1,"531",9
"17306",5,5,5,"555",15
"13576",5,5,5,"555",15
"15619",5,2,2,"522",9
"15239",5,3,3,"533",11
"16782",5,5,5,"555",15
"14125",5,3,5,"535",13
"13211",5,3,4,"534",12
"14205",5,4,3,"543",12
"18161",5,4,4,"544",13
"13137",5,5,5,"555",15
"13147",5,4,3,"543",12
"12727",5,5,5,"555",15
"13496",5,3,3,"533",11
"13657",5,2,2,"522",9
"13429",5,4,4,"544",13
"17711",5,2,2,"522",9
"14866",5,5,5,"555",15
"15218",5,5,5,"555",15
"15783",5,2,2,"522",9
"13349",5,2,2,"522",9
"15148",5,2,2,"522",9
"15089",5,4,5,"545",14
"14390",5,5,5,"555",15
"17658",5,3,3,"533",11
"14723",5,4,4,"544",13
"14961",5,5,5,"555",15
"16549",5,5,5,"555",15
"14554",5,4,5,"545",14
"16775",5,5,4,"554",14
"14824",5,4,4,"544",13
"12451",5,4,5,"545",14
"17101",5,4,4,"544",13
"13999",5,5,5,"555",15
"14601",5,1,1,"511",7
"16818",5,5,5,"555",15
"15297",5,4,3,"543",12
"14180",5,5,5,"555",15
"14408",5,5,5,"555",15
"14349",5,1,1,"511",7
"18118",5,5,5,"555",15
"14235",5,4,5,"545",14
"14452",5,2,2,"522",9
"17466",5,3,3,"533",11
"13467",5,3,4,"534",12
"16168",5,5,5,"555",15
"12654",5,4,3,"543",12
"15022",5,4,3,"543",12
"16347",5,3,3,"533",11
"13258",5,3,3,"533",11
"16094",5,4,4,"544",13
"14511",5,4,4,"544",13
"17419",5,5,5,"555",15
"12660",5,1,1,"511",7
"14290",5,4,5,"545",14
"15838",5,5,5,"555",15
"18096",5,3,3,"533",11
"13196",5,4,4,"544",13
"14597",5,3,3,"533",11
"17379",5,1,2,"512",8
"16800",5,2,4,"524",11
"18229",5,5,5,"555",15
"12906",5,4,5,"545",14
"17237",5,2,2,"522",9
"15714",5,2,2,"522",9
"13590",5,5,4,"554",14
"14480",5,2,2,"522",9
"13389",5,3,3,"533",11
"12657",5,4,5,"545",14
"13758",5,5,5,"555",15
"17806",5,1,3,"513",9
"14470",5,2,2,"522",9
"15540",5,1,1,"511",7
"17188",5,5,5,"555",15
"15721",5,1,2,"512",8
"17019",5,4,4,"544",13
"18101",5,2,1,"521",8
"16744",5,5,4,"554",14
"15601",5,5,5,"555",15
"14741",4,4,4,"444",12
"14901",4,5,4,"454",13
"13030",4,3,3,"433",10
"13844",4,1,2,"412",7
"16364",4,3,3,"433",10
"16900",4,4,4,"444",12
"12427",4,4,3,"443",11
"17299",4,4,3,"443",11
"14215",4,5,4,"454",13
"12674",4,5,4,"454",13
"13266",4,5,5,"455",14
"17651",4,5,5,"455",14
"15511",4,4,3,"443",11
"13418",4,5,5,"455",14
"17359",4,1,1,"411",6
"17523",4,4,3,"443",11
"17031",4,2,2,"422",8
"13188",4,2,1,"421",7
"15561",4,4,3,"443",11
"17929",4,4,3,"443",11
"14704",4,5,4,"454",13
"17852",4,2,1,"421",7
"15571",4,4,3,"443",11
"13950",4,4,3,"443",11
"13238",4,4,3,"443",11
"18041",4,5,5,"455",14
"17739",4,5,5,"455",14
"17988",4,5,1,"451",10
"13004",4,5,5,"455",14
"13571",4,5,5,"455",14
"18156",4,3,3,"433",10
"17365",4,5,5,"455",14
"13782",4,4,3,"443",11
"17411",4,4,3,"443",11
"16005",4,4,3,"443",11
"17236",4,4,3,"443",11
"16877",4,4,3,"443",11
"16024",4,2,2,"422",8
"17812",4,4,3,"443",11
"15747",4,3,3,"433",10
"18145",4,4,5,"445",13
"17231",4,5,5,"455",14
"13064",4,4,4,"444",12
"14577",4,4,3,"443",11
"16942",4,5,4,"454",13
"17864",4,3,3,"433",10
"14954",4,2,2,"422",8
"16407",4,5,4,"454",13
"18001",4,2,2,"422",8
"15009",4,3,4,"434",11
"17595",4,2,2,"422",8
"15351",4,5,4,"454",13
"17885",4,1,1,"411",6
"14878",4,5,4,"454",13
"15861",4,5,5,"455",14
"13546",4,3,3,"433",10
"13610",4,5,4,"454",13
"15555",4,5,5,"455",14
"15436",4,3,4,"434",11
"17068",4,5,5,"455",14
"14859",4,4,4,"444",12
"14093",4,1,2,"412",7
"16983",4,5,4,"454",13
"18112",4,2,2,"422",8
"17769",4,5,5,"455",14
"13232",4,5,4,"454",13
"15987",4,5,4,"454",13
"16923",4,5,5,"455",14
"13991",4,5,3,"453",12
"15054",4,2,2,"422",8
"15514",4,5,5,"455",14
"15134",4,5,4,"454",13
"14710",4,4,3,"443",11
"14966",4,1,1,"411",6
"16719",4,5,4,"454",13
"13525",4,3,3,"433",10
"12438",4,3,5,"435",12
"17562",4,5,4,"454",13
"15186",4,2,2,"422",8
"13332",4,1,2,"412",7
"17813",4,5,4,"454",13
"12620",4,3,4,"434",11
"16327",4,4,5,"445",13
"13978",4,2,1,"421",7
"18172",4,5,5,"455",14
"17329",4,3,3,"433",10
"16814",4,5,5,"455",14
"12531",4,1,1,"411",6
"13184",4,5,4,"454",13
"17348",4,4,4,"444",12
"13579",4,2,2,"422",8
"14703",4,2,2,"422",8
"15872",4,2,2,"422",8
"13256",4,2,1,"421",7
"13437",4,5,5,"455",14
"17302",4,4,4,"444",12
"17624",4,3,3,"433",10
"15473",4,5,4,"454",13
"13048",4,4,4,"444",12
"12681",4,5,5,"455",14
"14946",4,2,1,"421",7
"17385",4,2,2,"422",8
"13589",4,2,2,"422",8
"15382",4,5,5,"455",14
"13149",4,4,4,"444",12
"14111",4,4,3,"443",11
"16856",4,1,1,"411",6
"15117",4,4,4,"444",12
"15737",4,5,4,"454",13
"17557",4,3,3,"433",10
"13995",4,4,4,"444",12
"15953",4,5,4,"454",13
"17975",4,5,5,"455",14
"14709",4,5,5,"455",14
"17767",4,2,2,"422",8
"14607",4,5,5,"455",14
"17323",4,5,3,"453",12
"16609",4,5,5,"455",14
"16885",4,3,2,"432",9
"16189",4,2,1,"421",7
"16824",4,2,2,"422",8
"15632",4,5,5,"455",14
"15594",4,4,4,"444",12
"15034",4,5,5,"455",14
"17516",4,4,3,"443",11
"12757",4,5,5,"455",14
"12421",4,4,3,"443",11
"15725",4,1,2,"412",7
"17458",4,2,2,"422",8
"15858",4,4,4,"444",12
"12395",4,5,5,"455",14
"14640",4,5,5,"455",14
"14756",4,1,3,"413",8
"16173",4,5,4,"454",13
"12937",4,4,4,"444",12
"13588",4,5,5,"455",14
"15482",4,5,5,"455",14
"17247",4,2,2,"422",8
"16566",4,4,3,"443",11
"13719",4,4,4,"444",12
"15428",4,2,1,"421",7
"12705",4,5,5,"455",14
"15005",4,5,5,"455",14
"16482",4,1,1,"411",6
"17139",4,5,5,"455",14
"12388",4,4,5,"445",13
"13207",4,2,2,"422",8
"16668",4,4,2,"442",10
"16616",4,3,3,"433",10
"14591",4,4,4,"444",12
"17133",4,5,5,"455",14
"16596",4,2,2,"422",8
"14410",4,5,4,"454",13
"14277",4,4,5,"445",13
"17345",4,4,3,"443",11
"17228",4,5,4,"454",13
"16157",4,4,3,"443",11
"18188",4,4,4,"444",12
"15270",4,5,5,"455",14
"13638",4,2,1,"421",7
"15502",4,5,5,"455",14
"14987",4,2,2,"422",8
"13277",4,4,2,"442",10
"17671",4,4,4,"444",12
"14805",4,4,3,"443",11
"14539",4,3,3,"433",10
"18184",4,1,1,"411",6
"14099",4,5,5,"455",14
"15916",4,5,4,"454",13
"17685",4,5,5,"455",14
"13650",4,5,4,"454",13
"14336",4,4,4,"444",12
"16079",4,3,4,"434",11
"12452",4,3,2,"432",9
"14049",4,4,5,"445",13
"14744",4,5,4,"454",13
"14790",4,4,3,"443",11
"14675",4,1,3,"413",8
"14020",4,3,3,"433",10
"14335",4,2,2,"422",8
"15398",4,3,4,"434",11
"16653",4,3,4,"434",11
"13899",4,2,2,"422",8
"15393",4,2,1,"421",7
"15949",4,2,2,"422",8
"13831",4,4,5,"445",13
"13174",4,3,5,"435",12
"16066",4,4,4,"444",12
"13350",4,3,4,"434",11
"17469",4,4,4,"444",12
"17410",4,4,4,"444",12
"18084",4,2,1,"421",7
"15901",4,3,2,"432",9
"16185",4,3,3,"433",10
"17463",4,4,4,"444",12
"16343",4,2,2,"422",8
"17034",4,4,3,"443",11
"17725",4,5,5,"455",14
"12619",4,5,5,"455",14
"13742",4,5,5,"455",14
"15727",4,5,5,"455",14
"12557",4,4,5,"445",13
"14581",4,1,1,"411",6
"15253",4,4,3,"443",11
"13018",4,5,5,"455",14
"16660",4,4,4,"444",12
"17010",4,2,1,"421",7
"14334",4,5,5,"455",14
"17809",4,5,5,"455",14
"16020",4,3,3,"433",10
"16670",4,5,5,"455",14
"15743",4,4,3,"443",11
"13502",4,3,2,"432",9
"13139",4,5,5,"455",14
"17700",4,4,5,"445",13
"17422",4,5,5,"455",14
"13448",4,5,5,"455",14
"17135",4,5,4,"454",13
"16255",4,5,5,"455",14
"12948",4,5,4,"454",13
"14912",4,3,3,"433",10
"13986",4,2,2,"422",8
"16655",4,4,5,"445",13
"17759",4,3,3,"433",10
"14424",4,2,2,"422",8
"16985",4,5,5,"455",14
"15634",4,1,1,"411",6
"14515",4,4,4,"444",12
"17073",4,4,4,"444",12
"17500",4,3,4,"434",11
"18274",4,2,2,"422",8
"17313",4,3,5,"435",12
"13681",4,4,3,"443",11
"15965",4,4,3,"443",11
"17324",4,4,4,"444",12
"16261",4,4,3,"443",11
"16422",4,5,5,"455",14
"15150",4,5,5,"455",14
"13456",4,5,4,"454",13
"18139",4,5,5,"455",14
"17297",4,1,1,"411",6
"12474",4,5,5,"455",14
"16532",4,3,5,"435",12
"15811",4,5,5,"455",14
"16722",4,5,5,"455",14
"17338",4,5,5,"455",14
"12936",4,4,4,"444",12
"13363",4,3,4,"434",11
"12483",4,5,5,"455",14
"15845",4,5,5,"455",14
"15116",4,4,4,"444",12
"15977",4,3,4,"434",11
"17155",4,2,2,"422",8
"16311",4,3,3,"433",10
"17453",4,3,2,"432",9
"17371",4,3,2,"432",9
"15106",4,5,4,"454",13
"13832",4,2,1,"421",7
"16607",4,5,5,"455",14
"14506",4,4,4,"444",12
"16330",4,4,2,"442",10
"12920",4,1,1,"411",6
"15497",4,3,4,"434",11
"13268",4,5,5,"455",14
"17600",4,1,1,"411",6
"16352",4,3,2,"432",9
"17519",4,4,4,"444",12
"13569",4,2,2,"422",8
"18249",4,2,1,"421",7
"13488",4,5,5,"455",14
"15699",4,2,2,"422",8
"16128",4,4,4,"444",12
"13247",4,4,3,"443",11
"15971",4,5,5,"455",14
"13403",4,1,1,"411",6
"17360",4,3,3,"433",10
"12586",4,2,1,"421",7
"13322",4,1,1,"411",6
"13499",4,5,4,"454",13
"14505",4,5,5,"455",14
"13940",4,4,3,"443",11
"12656",4,5,5,"455",14
"14834",4,5,4,"454",13
"14768",4,3,1,"431",8
"16365",4,5,4,"454",13
"16164",4,4,3,"443",11
"16748",4,4,4,"444",12
"14467",4,4,3,"443",11
"16107",4,5,5,"455",14
"16633",4,5,5,"455",14
"14297",4,4,4,"444",12
"17075",4,4,3,"443",11
"14657",4,4,3,"443",11
"12775",4,4,4,"444",12
"15115",4,2,2,"422",8
"16713",4,5,5,"455",14
"12795",4,1,2,"412",7
"14883",4,4,3,"443",11
"17664",4,3,3,"433",10
"14447",4,4,4,"444",12
"16139",4,3,3,"433",10
"13167",4,4,3,"443",11
"17253",4,1,1,"411",6
"14587",4,5,4,"454",13
"15527",4,5,5,"455",14
"14449",4,4,3,"443",11
"14482",4,4,4,"444",12
"13823",4,3,4,"434",11
"17100",4,3,4,"434",11
"13189",4,2,2,"422",8
"15857",4,2,2,"422",8
"12658",4,1,3,"413",8
"12878",4,3,3,"433",10
"17625",4,4,4,"444",12
"12904",4,3,3,"433",10
"14426",4,5,5,"455",14
"15406",4,4,3,"443",11
"17888",4,5,3,"453",12
"13673",4,2,2,"422",8
"18080",4,3,4,"434",11
"13862",4,5,5,"455",14
"16369",4,3,4,"434",11
"15671",4,5,5,"455",14
"17227",4,4,3,"443",11
"15093",4,5,5,"455",14
"14551",4,2,1,"421",7
"16406",4,1,1,"411",6
"12349",4,1,4,"414",9
"13430",4,4,3,"443",11
"16366",4,2,2,"422",8
"15645",4,1,3,"413",8
"12984",4,2,1,"421",7
"15132",4,4,4,"444",12
"15163",4,2,2,"422",8
"15738",4,5,5,"455",14
"13739",4,1,1,"411",6
"14030",4,5,5,"455",14
"12504",4,4,3,"443",11
"14300",4,1,1,"411",6
"15567",4,1,1,"411",6
"15105",4,5,5,"455",14
"15681",4,4,4,"444",12
"15179",4,5,5,"455",14
"13282",4,4,4,"444",12
"13246",4,5,4,"454",13
"17432",4,2,2,"422",8
"14881",4,2,2,"422",8
"14984",4,2,1,"421",7
"14116",4,4,4,"444",12
"18040",4,2,2,"422",8
"16762",4,3,4,"434",11
"15906",4,5,4,"454",13
"16411",4,2,1,"421",7
"15988",4,1,1,"411",6
"14159",4,5,5,"455",14
"17425",4,3,3,"433",10
"17738",4,4,4,"444",12
"17384",4,2,2,"422",8
"12597",4,4,5,"445",13
"18110",4,2,1,"421",7
"13142",4,2,2,"422",8
"12702",4,1,1,"411",6
"14477",4,4,4,"444",12
"15850",4,2,1,"421",7
"16666",4,2,1,"421",7
"15963",4,2,2,"422",8
"13200",4,4,3,"443",11
"12540",4,5,5,"455",14
"13565",4,2,1,"421",7
"16533",4,4,4,"444",12
"16464",4,3,4,"434",11
"17561",4,1,1,"411",6
"16506",4,2,1,"421",7
"14359",4,4,3,"443",11
"16212",4,3,3,"433",10
"14157",4,3,2,"432",9
"14664",4,3,3,"433",10
"16784",4,2,1,"421",7
"16710",4,5,5,"455",14
"17758",4,5,5,"455",14
"17555",4,2,2,"422",8
"15919",4,3,3,"433",10
"15044",4,5,5,"455",14
"15426",4,5,4,"454",13
"13427",4,3,3,"433",10
"14052",4,1,1,"411",6
"13988",4,5,5,"455",14
"15465",4,5,5,"455",14
"12778",4,4,3,"443",11
"14595",4,4,4,"444",12
"14502",4,5,5,"455",14
"17387",4,3,3,"433",10
"16399",4,2,2,"422",8
"15533",4,4,3,"443",11
"13118",4,4,4,"444",12
"14553",4,4,3,"443",11
"18127",4,3,2,"432",9
"12578",4,4,5,"445",13
"16511",4,3,3,"433",10
"12618",4,1,1,"411",6
"17961",4,5,4,"454",13
"17760",4,2,2,"422",8
"14315",4,5,5,"455",14
"13094",4,5,5,"455",14
"16560",4,3,3,"433",10
"17650",4,1,1,"411",6
"13880",4,5,5,"455",14
"14641",4,2,1,"421",7
"17301",4,1,1,"411",6
"14903",4,5,5,"455",14
"13516",4,3,4,"434",11
"14285",4,4,4,"444",12
"13396",4,4,4,"444",12
"14820",4,4,3,"443",11
"17159",4,4,4,"444",12
"17779",4,4,3,"443",11
"18061",4,5,5,"455",14
"16279",4,4,4,"444",12
"17621",4,4,4,"444",12
"12603",4,1,3,"413",8
"15088",4,3,4,"434",11
"14593",4,3,3,"433",10
"15530",4,4,4,"444",12
"12781",4,4,3,"443",11
"12697",4,4,4,"444",12
"16924",4,4,3,"443",11
"14434",4,4,4,"444",12
"15933",4,3,4,"434",11
"16945",4,5,5,"455",14
"14342",4,4,3,"443",11
"13091",4,2,2,"422",8
"17163",4,2,2,"422",8
"12931",4,5,5,"455",14
"12498",4,3,2,"432",9
"17286",4,1,1,"411",6
"16134",4,3,3,"433",10
"16350",4,4,4,"444",12
"15368",4,1,2,"412",7
"12391",4,1,2,"412",7
"18276",4,3,2,"432",9
"13117",4,5,4,"454",13
"12779",4,5,5,"455",14
"16414",4,2,1,"421",7
"14073",4,2,1,"421",7
"14902",4,2,2,"422",8
"13962",4,2,1,"421",7
"17904",4,2,1,"421",7
"16463",4,5,4,"454",13
"15494",4,3,4,"434",11
"13960",4,2,1,"421",7
"13381",4,5,5,"455",14
"14849",4,5,5,"455",14
"13941",4,5,5,"455",14
"18034",4,2,2,"422",8
"13895",4,4,5,"445",13
"12380",4,4,5,"445",13
"12444",4,4,5,"445",13
"14362",4,1,1,"411",6
"16871",4,5,5,"455",14
"15864",4,5,5,"455",14
"12406",4,3,5,"435",12
"15983",4,4,4,"444",12
"15124",4,2,1,"421",7
"16531",4,5,4,"454",13
"15435",4,1,1,"411",6
"13138",4,4,4,"444",12
"17397",4,3,3,"433",10
"15489",4,4,4,"444",12
"15657",4,2,1,"421",7
"15081",4,4,3,"443",11
"12997",4,5,4,"454",13
"17797",4,3,3,"433",10
"17461",4,3,3,"433",10
"16638",4,5,4,"454",13
"16070",4,3,3,"433",10
"12477",4,5,5,"455",14
"16869",4,4,3,"443",11
"17095",4,4,4,"444",12
"15506",4,3,4,"434",11
"12647",4,5,5,"455",14
"16298",4,3,3,"433",10
"14112",4,5,5,"455",14
"14332",4,3,3,"433",10
"12539",4,4,5,"445",13
"15267",4,4,4,"444",12
"12712",4,5,5,"455",14
"12847",4,2,3,"423",9
"16009",4,4,4,"444",12
"14034",4,4,3,"443",11
"14508",4,2,2,"422",8
"17799",4,5,5,"455",14
"12610",4,5,5,"455",14
"15287",4,3,2,"432",9
"16042",4,5,4,"454",13
"13828",4,1,1,"411",6
"15529",4,5,5,"455",14
"13815",4,4,5,"445",13
"17147",4,4,4,"444",12
"13871",4,5,5,"455",14
"17080",4,3,2,"432",9
"17613",4,5,5,"455",14
"16656",4,5,5,"455",14
"13308",4,4,4,"444",12
"16186",4,5,5,"455",14
"12445",4,1,1,"411",6
"18221",4,4,4,"444",12
"17716",4,5,5,"455",14
"17330",4,2,2,"422",8
"12449",4,4,5,"445",13
"13028",4,3,3,"433",10
"17985",4,1,3,"413",8
"12481",4,5,5,"455",14
"13894",4,4,3,"443",11
"12567",4,5,5,"455",14
"13160",4,1,1,"411",6
"13313",4,4,4,"444",12
"12356",4,3,5,"435",12
"14234",4,4,3,"443",11
"14416",4,3,2,"432",9
"16469",4,4,3,"443",11
"13447",4,4,4,"444",12
"14286",4,4,5,"445",13
"13816",4,4,3,"443",11
"18075",4,5,5,"455",14
"15805",4,5,5,"455",14
"15432",4,1,1,"411",6
"13449",4,2,2,"422",8
"12500",4,5,5,"455",14
"17549",4,2,1,"421",7
"17368",4,5,5,"455",14
"14948",4,5,4,"454",13
"16245",4,4,4,"444",12
"18263",4,4,4,"444",12
"18006",4,1,2,"412",7
"17596",4,5,5,"455",14
"13500",4,4,4,"444",12
"15110",4,5,4,"454",13
"17377",4,5,5,"455",14
"15967",4,2,2,"422",8
"16085",4,4,4,"444",12
"13131",4,4,4,"444",12
"14851",4,3,3,"433",10
"13629",4,5,5,"455",14
"16669",4,4,4,"444",12
"12731",4,5,5,"455",14
"12993",4,4,2,"442",10
"18246",4,3,3,"433",10
"16809",4,4,3,"443",11
"13939",4,4,3,"443",11
"14507",4,5,4,"454",13
"17680",4,1,1,"411",6
"14898",4,5,4,"454",13
"16999",4,3,2,"432",9
"15051",4,3,4,"434",11
"12640",4,3,4,"434",11
"17896",4,2,2,"422",8
"16204",4,1,2,"412",7
"15900",4,2,2,"422",8
"14057",4,5,5,"455",14
"13575",4,4,3,"443",11
"15584",4,4,3,"443",11
"16804",4,3,3,"433",10
"14109",4,2,1,"421",7
"16916",4,3,3,"433",10
"12626",4,5,5,"455",14
"13926",4,1,1,"411",6
"16855",4,2,2,"422",8
"17198",4,3,3,"433",10
"16912",4,5,5,"455",14
"12991",4,3,3,"433",10
"16278",4,3,3,"433",10
"15269",4,1,2,"412",7
"16008",4,3,2,"432",9
"12910",4,5,5,"455",14
"13285",4,4,5,"445",13
"12890",4,1,2,"412",7
"15758",4,1,1,"411",6
"14533",4,5,4,"454",13
"15720",4,1,3,"413",8
"13058",4,3,2,"432",9
"17521",4,4,3,"443",11
"13236",4,3,3,"433",10
"12933",4,4,3,"443",11
"13692",4,4,4,"444",12
"14666",4,1,1,"411",6
"15419",4,1,1,"411",6
"15582",4,3,3,"433",10
"18043",4,3,3,"433",10
"18181",4,1,2,"412",7
"18259",4,3,5,"435",12
"17974",4,3,3,"433",10
"14544",4,3,4,"434",11
"13846",4,4,3,"443",11
"13632",4,4,5,"445",13
"12415",4,5,5,"455",14
"18123",4,3,3,"433",10
"17777",4,3,3,"433",10
"17357",4,2,2,"422",8
"14714",4,1,1,"411",6
"17510",4,2,2,"422",8
"16341",4,4,4,"444",12
"17564",4,3,2,"432",9
"13066",4,3,3,"433",10
"12676",4,4,4,"444",12
"14715",4,4,3,"443",11
"14725",4,1,3,"413",8
"13735",4,5,5,"455",14
"17220",4,5,5,"455",14
"15955",4,5,5,"455",14
"15981",4,5,5,"455",14
"13614",4,4,4,"444",12
"15679",4,4,3,"443",11
"17314",4,5,5,"455",14
"16557",4,2,2,"422",8
"17153",4,1,1,"411",6
"15556",4,2,2,"422",8
"12883",4,4,3,"443",11
"13455",4,4,4,"444",12
"15524",4,1,2,"412",7
"16878",4,2,1,"421",7
"14522",4,4,4,"444",12
"16423",4,2,2,"422",8
"16303",4,4,5,"445",13
"15458",4,1,1,"411",6
"12689",4,3,4,"434",11
"16519",4,2,1,"421",7
"16207",4,1,2,"412",7
"15168",4,2,1,"421",7
"16478",4,3,2,"432",9
"17652",4,5,5,"455",14
"15050",4,4,4,"444",12
"18117",4,2,2,"422",8
"15125",4,5,5,"455",14
"14953",4,2,2,"422",8
"17663",4,5,4,"454",13
"14862",4,3,3,"433",10
"17538",4,2,1,"421",7
"16639",4,4,4,"444",12
"12938",4,2,1,"421",7
"13577",4,4,4,"444",12
"16747",4,4,3,"443",11
"15203",4,4,4,"444",12
"15839",4,4,4,"444",12
"15863",4,2,1,"421",7
"15781",4,4,2,"442",10
"15365",4,5,5,"455",14
"18082",4,1,3,"413",8
"15532",4,4,4,"444",12
"12642",4,3,4,"434",11
"14680",4,5,5,"455",14
"16504",4,1,2,"412",7
"16936",4,2,2,"422",8
"12428",4,5,5,"455",14
"12374",4,1,3,"413",8
"15660",4,5,4,"454",13
"14530",4,4,5,"445",13
"13835",4,4,3,"443",11
"14684",4,4,4,"444",12
"17793",4,2,2,"422",8
"14494",4,1,1,"411",6
"18211",4,4,3,"443",11
"15058",4,5,5,"455",14
"17081",4,2,2,"422",8
"15291",4,5,5,"455",14
"13549",4,5,3,"453",12
"17235",4,3,3,"433",10
"17838",4,4,5,"445",13
"14044",4,4,3,"443",11
"17790",4,5,4,"454",13
"13146",4,1,1,"411",6
"12508",4,2,2,"422",8
"13892",4,4,3,"443",11
"16416",4,4,4,"444",12
"13178",4,5,5,"455",14
"17041",4,4,4,"444",12
"15787",4,3,3,"433",10
"14227",4,5,5,"455",14
"12867",4,5,5,"455",14
"13984",4,4,4,"444",12
"14661",4,2,1,"421",7
"13170",4,2,1,"421",7
"17720",4,4,4,"444",12
"13603",4,1,1,"411",6
"13700",4,5,5,"455",14
"13379",4,3,3,"433",10
"12865",4,3,4,"434",11
"16930",4,3,2,"432",9
"15449",4,4,4,"444",12
"14499",4,3,3,"433",10
"16720",4,1,1,"411",6
"17211",4,5,5,"455",14
"16726",4,4,4,"444",12
"15411",4,4,4,"444",12
"15429",4,3,2,"432",9
"14382",4,1,3,"413",8
"13450",4,4,4,"444",12
"17287",4,5,4,"454",13
"14784",4,2,2,"422",8
"15599",4,3,3,"433",10
"13451",4,4,5,"445",13
"14487",4,5,4,"454",13
"14882",4,3,3,"433",10
"18069",4,5,4,"454",13
"16898",4,4,3,"443",11
"16386",4,2,2,"422",8
"18209",4,1,1,"411",6
"17052",4,1,2,"412",7
"13727",4,2,2,"422",8
"12685",4,4,5,"445",13
"12726",4,5,5,"455",14
"14226",4,5,5,"455",14
"16332",4,5,4,"454",13
"14035",4,4,4,"444",12
"15557",4,1,2,"412",7
"17191",4,5,5,"455",14
"16460",4,3,3,"433",10
"17069",4,5,5,"455",14
"12691",4,4,4,"444",12
"13557",4,3,3,"433",10
"16671",4,3,4,"434",11
"13732",4,1,2,"412",7
"12517",4,4,5,"445",13
"18014",4,1,1,"411",6
"17088",4,4,4,"444",12
"17015",4,3,4,"434",11
"13810",4,4,5,"445",13
"17295",4,3,3,"433",10
"17162",4,5,4,"454",13
"15608",4,4,4,"444",12
"12384",4,3,3,"433",10
"16433",4,1,1,"411",6
"12480",4,4,5,"445",13
"17054",4,4,4,"444",12
"17512",4,5,5,"455",14
"15692",4,1,1,"411",6
"12600",4,5,5,"455",14
"14789",4,1,1,"411",6
"14662",4,4,3,"443",11
"12589",4,3,3,"433",10
"15492",4,3,3,"433",10
"18236",4,4,3,"443",11
"12541",4,3,4,"434",11
"16434",4,5,4,"454",13
"17416",4,5,5,"455",14
"13817",4,2,2,"422",8
"18135",4,4,3,"443",11
"12844",4,2,2,"422",8
"13148",4,5,5,"455",14
"14944",4,5,5,"455",14
"16863",4,4,3,"443",11
"17442",4,5,5,"455",14
"17197",4,2,4,"424",10
"12544",4,2,2,"422",8
"12708",4,5,5,"455",14
"17901",4,2,1,"421",7
"16126",4,4,5,"445",13
"16628",4,4,5,"445",13
"15289",4,4,3,"443",11
"17977",4,2,2,"422",8
"17791",4,2,1,"421",7
"14748",4,4,4,"444",12
"17059",4,4,5,"445",13
"17537",4,3,3,"433",10
"15355",4,2,2,"422",8
"16003",4,4,5,"445",13
"16743",4,5,5,"455",14
"15184",4,2,2,"422",8
"16218",4,5,5,"455",14
"15597",4,2,2,"422",8
"14712",4,3,3,"433",10
"15111",4,3,4,"434",11
"12599",4,5,4,"454",13
"15785",4,5,5,"455",14
"16986",4,3,4,"434",11
"13460",4,2,1,"421",7
"16791",4,5,4,"454",13
"13983",4,5,5,"455",14
"18217",4,3,3,"433",10
"14466",4,5,5,"455",14
"15452",4,3,3,"433",10
"17932",4,3,4,"434",11
"16025",4,1,2,"412",7
"12538",4,1,2,"412",7
"16903",4,1,2,"412",7
"17653",4,4,4,"444",12
"18125",4,4,4,"444",12
"15830",4,3,3,"433",10
"15238",4,4,4,"444",12
"13606",4,3,2,"432",9
"12981",4,2,2,"422",8
"12659",4,1,1,"411",6
"14829",4,4,3,"443",11
"12473",4,5,5,"455",14
"14064",4,5,4,"454",13
"17573",4,4,2,"442",10
"16907",4,4,3,"443",11
"14765",4,3,2,"432",9
"15463",4,1,1,"411",6
"14863",4,2,2,"422",8
"17109",4,5,3,"453",12
"12617",4,1,2,"412",7
"13804",4,5,5,"455",14
"15450",4,1,2,"412",7
"13522",4,1,1,"411",6
"16205",4,4,3,"443",11
"13029",4,3,4,"434",11
"17865",4,5,5,"455",14
"12532",4,2,2,"422",8
"17690",4,5,5,"455",14
"16880",4,5,4,"454",13
"14284",4,3,3,"433",10
"13623",4,5,3,"453",12
"14240",4,3,3,"433",10
"16041",4,3,5,"435",12
"16953",4,1,1,"411",6
"13209",4,5,5,"455",14
"16751",4,1,4,"414",9
"15485",4,3,5,"435",12
"17702",4,4,4,"444",12
"17011",4,2,2,"422",8
"13046",4,3,3,"433",10
"16767",4,5,5,"455",14
"15027",4,4,4,"444",12
"14214",4,5,4,"454",13
"14921",4,3,4,"434",11
"13384",4,5,5,"455",14
"16516",4,2,1,"421",7
"12893",4,1,1,"411",6
"12472",4,5,5,"455",14
"15986",4,1,1,"411",6
"14968",4,1,1,"411",6
"14691",4,4,5,"445",13
"16996",4,5,4,"454",13
"14108",4,3,3,"433",10
"17867",4,5,4,"454",13
"12949",4,5,5,"455",14
"15114",4,5,5,"455",14
"13992",4,1,1,"411",6
"17038",4,2,1,"421",7
"12990",4,3,2,"432",9
"17633",4,4,4,"444",12
"16732",4,1,3,"413",8
"15957",4,1,2,"412",7
"15513",4,5,5,"455",14
"15043",4,1,3,"413",8
"18216",4,1,2,"412",7
"13047",4,5,5,"455",14
"16187",4,5,5,"455",14
"13695",4,5,5,"455",14
"13710",4,1,1,"411",6
"15249",4,5,5,"455",14
"17022",4,1,1,"411",6
"16837",4,5,5,"455",14
"15356",4,5,5,"455",14
"17219",4,2,1,"421",7
"15153",4,2,2,"422",8
"16505",4,2,3,"423",9
"14524",4,5,4,"454",13
"14232",4,5,4,"454",13
"13110",4,5,4,"454",13
"13272",4,2,2,"422",8
"14676",4,5,5,"455",14
"12721",4,5,5,"455",14
"18164",4,2,2,"422",8
"17964",4,2,2,"422",8
"17637",4,3,3,"433",10
"16602",4,3,3,"433",10
"15573",4,3,3,"433",10
"15275",4,3,3,"433",10
"15103",4,3,3,"433",10
"14050",4,3,3,"433",10
"16284",4,3,3,"433",10
"18177",4,5,4,"454",13
"12849",4,3,4,"434",11
"15066",4,3,4,"434",11
"13975",3,5,5,"355",13
"13643",3,3,3,"333",9
"13867",3,3,4,"334",10
"16253",3,3,5,"335",11
"13587",3,3,4,"334",10
"12613",3,4,5,"345",12
"17160",3,4,5,"345",12
"15763",3,3,4,"334",10
"16618",3,4,5,"345",12
"17886",3,3,3,"333",9
"13329",3,4,3,"343",10
"17515",3,4,3,"343",10
"17289",3,4,3,"343",10
"14360",3,4,5,"345",12
"15870",3,1,2,"312",6
"12484",3,5,5,"355",13
"13324",3,5,5,"355",13
"16362",3,5,3,"353",11
"17043",3,4,4,"344",11
"16637",3,4,4,"344",11
"17164",3,5,5,"355",13
"16612",3,4,4,"344",11
"13824",3,4,4,"344",11
"16053",3,3,4,"334",10
"18016",3,4,4,"344",11
"14700",3,3,5,"335",11
"18036",3,3,2,"332",8
"13717",3,5,4,"354",12
"14080",3,1,1,"311",5
"14623",3,4,3,"343",10
"16232",3,4,4,"344",11
"15330",3,3,3,"333",9
"17761",3,1,3,"313",7
"17623",3,1,3,"313",7
"14929",3,1,1,"311",5
"15618",3,4,3,"343",10
"14387",3,3,4,"334",10
"17107",3,5,5,"355",13
"13097",3,5,5,"355",13
"15522",3,2,2,"322",7
"12832",3,2,2,"322",7
"17158",3,3,4,"334",10
"15493",3,5,4,"354",12
"13993",3,5,5,"355",13
"12408",3,5,5,"355",13
"15719",3,5,5,"355",13
"17430",3,2,2,"322",7
"18150",3,3,3,"333",9
"16348",3,5,4,"354",12
"13772",3,3,4,"334",10
"13634",3,4,4,"344",11
"17831",3,1,1,"311",5
"15407",3,4,4,"344",11
"16372",3,2,2,"322",7
"12357",3,2,5,"325",10
"16243",3,2,2,"322",7
"13523",3,4,5,"345",12
"14404",3,5,4,"354",12
"13527",3,5,5,"355",13
"16771",3,4,5,"345",12
"17608",3,2,1,"321",6
"17082",3,3,4,"334",10
"13532",3,1,1,"311",5
"15526",3,2,1,"321",6
"12645",3,4,4,"344",11
"15696",3,5,5,"355",13
"15952",3,4,3,"343",10
"18170",3,3,4,"334",10
"12638",3,1,3,"313",7
"15025",3,1,2,"312",6
"16466",3,5,4,"354",12
"16357",3,3,3,"333",9
"12838",3,3,3,"333",9
"14039",3,1,1,"311",5
"15427",3,3,4,"334",10
"13759",3,3,3,"333",9
"13155",3,4,4,"344",11
"15017",3,1,1,"311",5
"14517",3,2,2,"322",7
"16488",3,4,3,"343",10
"16676",3,4,4,"344",11
"14174",3,1,1,"311",5
"16445",3,1,1,"311",5
"14567",3,3,4,"334",10
"15722",3,4,5,"345",12
"14842",3,5,5,"355",13
"16555",3,2,2,"322",7
"16014",3,4,3,"343",10
"16012",3,3,4,"334",10
"12576",3,4,4,"344",11
"15707",3,4,3,"343",10
"17274",3,2,1,"321",6
"14592",3,3,3,"333",9
"16887",3,1,1,"311",5
"17233",3,1,1,"311",5
"15010",3,2,2,"322",7
"13938",3,1,1,"311",5
"15598",3,3,1,"331",7
"12944",3,3,3,"333",9
"18035",3,3,3,"333",9
"17203",3,4,5,"345",12
"12577",3,4,3,"343",10
"13592",3,4,2,"342",9
"16318",3,2,2,"322",7
"14913",3,4,4,"344",11
"14971",3,3,4,"334",10
"17703",3,3,3,"333",9
"15468",3,4,3,"343",10
"15809",3,4,3,"343",10
"17979",3,4,3,"343",10
"12431",3,5,5,"355",13
"17193",3,5,4,"354",12
"14412",3,3,3,"333",9
"14150",3,3,3,"333",9
"15329",3,4,4,"344",11
"13651",3,2,1,"321",6
"17084",3,3,5,"335",11
"12397",3,3,5,"335",11
"18022",3,1,3,"313",7
"15345",3,2,2,"322",7
"17930",3,4,4,"344",11
"12928",3,4,4,"344",11
"16914",3,1,1,"311",5
"15605",3,4,4,"344",11
"16841",3,5,4,"354",12
"18081",3,3,2,"332",8
"13925",3,4,3,"343",10
"16337",3,1,1,"311",5
"15521",3,5,5,"355",13
"15998",3,4,5,"345",12
"17351",3,3,3,"333",9
"16729",3,5,5,"355",13
"17078",3,2,2,"322",7
"18205",3,3,3,"333",9
"12352",3,5,5,"355",13
"12808",3,3,2,"332",8
"15651",3,3,3,"333",9
"14856",3,3,4,"334",10
"17634",3,5,5,"355",13
"13728",3,4,4,"344",11
"15612",3,2,1,"321",6
"17816",3,4,1,"341",8
"15252",3,3,3,"333",9
"17403",3,2,2,"322",7
"16409",3,4,4,"344",11
"14636",3,3,3,"333",9
"15551",3,1,2,"312",6
"17076",3,3,3,"333",9
"14098",3,1,1,"311",5
"13721",3,1,3,"313",7
"16221",3,3,3,"333",9
"14815",3,3,3,"333",9
"13168",3,4,4,"344",11
"15227",3,4,4,"344",11
"13636",3,4,4,"344",11
"13477",3,5,4,"354",12
"15065",3,4,5,"345",12
"13904",3,2,2,"322",7
"13316",3,4,5,"345",12
"16043",3,4,3,"343",10
"17800",3,5,4,"354",12
"13271",3,2,2,"322",7
"17719",3,5,5,"355",13
"17965",3,5,5,"355",13
"14528",3,1,2,"312",6
"18104",3,1,3,"313",7
"17966",3,4,4,"344",11
"16884",3,2,2,"322",7
"16367",3,3,3,"333",9
"16706",3,3,3,"333",9
"18105",3,2,1,"321",6
"15576",3,2,3,"323",8
"16308",3,4,5,"345",12
"17947",3,1,1,"311",5
"14974",3,1,1,"311",5
"12594",3,5,5,"355",13
"12830",3,5,5,"355",13
"17999",3,2,2,"322",7
"17696",3,5,5,"355",13
"13292",3,3,3,"333",9
"14995",3,2,1,"321",6
"13327",3,5,5,"355",13
"13461",3,3,4,"334",10
"16029",3,5,5,"355",13
"16150",3,5,5,"355",13
"13726",3,3,4,"334",10
"16830",3,2,2,"322",7
"14485",3,1,1,"311",5
"13032",3,3,4,"334",10
"15018",3,4,3,"343",10
"13697",3,1,1,"311",5
"12491",3,1,2,"312",6
"12552",3,2,2,"322",7
"14383",3,3,4,"334",10
"18226",3,5,5,"355",13
"16960",3,3,3,"333",9
"16648",3,2,2,"322",7
"18270",3,3,2,"332",8
"15423",3,1,1,"311",5
"17166",3,3,1,"331",7
"14345",3,2,1,"321",6
"17733",3,3,3,"333",9
"16825",3,3,3,"333",9
"15847",3,2,2,"322",7
"13186",3,4,4,"344",11
"18257",3,5,5,"355",13
"14738",3,5,4,"354",12
"16836",3,2,2,"322",7
"14808",3,5,5,"355",13
"14167",3,4,3,"343",10
"12581",3,1,1,"311",5
"15752",3,5,5,"355",13
"12588",3,1,1,"311",5
"13982",3,4,4,"344",11
"13813",3,4,4,"344",11
"15667",3,2,2,"322",7
"12571",3,3,3,"333",9
"12522",3,2,1,"321",6
"16127",3,1,3,"313",7
"13544",3,2,2,"322",7
"15360",3,1,2,"312",6
"12909",3,5,5,"355",13
"15974",3,5,5,"355",13
"17951",3,4,4,"344",11
"13145",3,4,3,"343",10
"16018",3,2,2,"322",7
"17396",3,5,5,"355",13
"13103",3,1,1,"311",5
"16969",3,3,3,"333",9
"17373",3,4,3,"343",10
"17447",3,3,3,"333",9
"14077",3,4,3,"343",10
"13607",3,1,3,"313",7
"14179",3,3,3,"333",9
"18067",3,1,2,"312",6
"17255",3,2,2,"322",7
"13566",3,3,3,"333",9
"15748",3,1,1,"311",5
"17018",3,3,3,"333",9
"15478",3,3,4,"334",10
"17372",3,5,4,"354",12
"14295",3,2,1,"321",6
"15860",3,5,4,"354",12
"15370",3,5,5,"355",13
"13278",3,1,3,"313",7
"15669",3,4,3,"343",10
"13524",3,4,3,"343",10
"16049",3,3,4,"334",10
"14158",3,1,3,"313",7
"17796",3,4,3,"343",10
"14040",3,5,5,"355",13
"14582",3,2,1,"321",6
"15385",3,2,2,"322",7
"17609",3,4,4,"344",11
"15376",3,3,4,"334",10
"13421",3,3,4,"334",10
"16235",3,4,3,"343",10
"15865",3,3,3,"333",9
"13617",3,3,3,"333",9
"17213",3,5,5,"355",13
"15708",3,5,5,"355",13
"16190",3,1,1,"311",5
"14810",3,5,4,"354",12
"15059",3,5,4,"354",12
"16601",3,1,1,"311",5
"15096",3,1,1,"311",5
"17552",3,4,3,"343",10
"18287",3,3,4,"334",10
"16843",3,5,5,"355",13
"17837",3,5,4,"354",12
"12895",3,3,2,"332",8
"14221",3,5,5,"355",13
"14218",3,1,1,"311",5
"17272",3,4,5,"345",12
"12432",3,4,5,"345",12
"14498",3,4,4,"344",11
"13812",3,3,3,"333",9
"12678",3,5,5,"355",13
"17669",3,4,5,"345",12
"17839",3,2,2,"322",7
"17418",3,2,2,"322",7
"16102",3,3,4,"334",10
"17414",3,3,3,"333",9
"15014",3,2,2,"322",7
"15288",3,4,5,"345",12
"14233",3,4,4,"344",11
"17878",3,1,2,"312",6
"14716",3,2,2,"322",7
"16690",3,3,1,"331",7
"14004",3,5,5,"355",13
"13791",3,3,4,"334",10
"17459",3,3,3,"333",9
"13416",3,3,3,"333",9
"12430",3,2,2,"322",7
"17545",3,3,3,"333",9
"15659",3,2,2,"322",7
"15469",3,4,3,"343",10
"14474",3,3,3,"333",9
"15038",3,5,3,"353",11
"16680",3,1,1,"311",5
"14752",3,1,2,"312",6
"18261",3,2,2,"322",7
"14357",3,1,1,"311",5
"16026",3,1,1,"311",5
"13538",3,5,4,"354",12
"13654",3,4,5,"345",12
"15791",3,3,4,"334",10
"17672",3,4,5,"345",12
"16847",3,1,1,"311",5
"14239",3,5,5,"355",13
"17684",3,1,1,"311",5
"15786",3,4,5,"345",12
"14764",3,2,2,"322",7
"16418",3,3,3,"333",9
"15990",3,3,3,"333",9
"16225",3,4,4,"344",11
"12879",3,4,3,"343",10
"16345",3,1,3,"313",7
"17895",3,2,1,"321",6
"15240",3,4,4,"344",11
"12456",3,4,5,"345",12
"14598",3,1,1,"311",5
"12371",3,3,4,"334",10
"16415",3,1,1,"311",5
"17175",3,4,4,"344",11
"15296",3,5,5,"355",13
"14379",3,2,2,"322",7
"16071",3,2,2,"322",7
"14690",3,3,2,"332",8
"15215",3,4,3,"343",10
"12812",3,1,1,"311",5
"15516",3,3,1,"331",7
"17712",3,1,3,"313",7
"16750",3,4,3,"343",10
"16208",3,3,3,"333",9
"17470",3,4,4,"344",11
"14754",3,3,3,"333",9
"13107",3,4,4,"344",11
"16188",3,4,4,"344",11
"15320",3,2,2,"322",7
"15821",3,3,3,"333",9
"16325",3,4,3,"343",10
"15835",3,4,3,"343",10
"12448",3,1,2,"312",6
"16454",3,3,1,"331",7
"17917",3,3,2,"332",8
"16258",3,4,5,"345",12
"15656",3,4,3,"343",10
"17024",3,3,1,"331",7
"14341",3,5,5,"355",13
"16056",3,1,3,"313",7
"16110",3,3,4,"334",10
"15158",3,1,2,"312",6
"12398",3,1,4,"314",8
"17423",3,4,3,"343",10
"13652",3,3,4,"334",10
"14001",3,4,4,"344",11
"17928",3,2,1,"321",6
"13340",3,5,5,"355",13
"13481",3,5,4,"354",12
"16708",3,1,3,"313",7
"13182",3,2,1,"321",6
"18045",3,1,1,"311",5
"13601",3,3,3,"333",9
"18147",3,2,1,"321",6
"18079",3,4,5,"345",12
"15836",3,2,1,"321",6
"15630",3,3,4,"334",10
"17004",3,3,4,"334",10
"14997",3,4,3,"343",10
"14145",3,4,5,"345",12
"14312",3,4,4,"344",11
"17344",3,1,1,"311",5
"16023",3,3,3,"333",9
"15801",3,4,4,"344",11
"16444",3,4,3,"343",10
"17186",3,2,1,"321",6
"15806",3,3,3,"333",9
"12463",3,5,4,"354",12
"12546",3,3,4,"334",10
"13176",3,1,2,"312",6
"14139",3,1,2,"312",6
"17317",3,4,5,"345",12
"13165",3,3,4,"334",10
"16728",3,4,4,"344",11
"16742",3,3,3,"333",9
"15277",3,2,2,"322",7
"15142",3,1,3,"313",7
"15592",3,1,2,"312",6
"15844",3,1,1,"311",5
"14019",3,4,4,"344",11
"14952",3,5,5,"355",13
"16491",3,1,3,"313",7
"15068",3,3,3,"333",9
"12940",3,4,3,"343",10
"18240",3,1,2,"312",6
"17111",3,1,1,"311",5
"15000",3,1,2,"312",6
"16007",3,4,4,"344",11
"16017",3,1,1,"311",5
"14504",3,4,3,"343",10
"17836",3,2,1,"321",6
"13598",3,2,1,"321",6
"14800",3,5,5,"355",13
"16686",3,5,5,"355",13
"14731",3,3,2,"332",8
"16768",3,4,3,"343",10
"16497",3,4,5,"345",12
"14147",3,3,3,"333",9
"15286",3,1,1,"311",5
"15728",3,1,1,"311",5
"14967",3,1,2,"312",6
"17361",3,3,2,"332",8
"15819",3,4,4,"344",11
"15740",3,1,1,"311",5
"16918",3,5,4,"354",12
"12403",3,2,2,"322",7
"13918",3,3,4,"334",10
"15677",3,1,3,"313",7
"12407",3,4,4,"344",11
"17940",3,5,5,"355",13
"13157",3,4,4,"344",11
"13974",3,1,2,"312",6
"13725",3,5,5,"355",13
"15321",3,4,5,"345",12
"16153",3,4,4,"344",11
"13917",3,2,2,"322",7
"17832",3,1,1,"311",5
"17007",3,4,3,"343",10
"13669",3,2,1,"321",6
"16846",3,1,1,"311",5
"15664",3,2,2,"322",7
"14638",3,1,2,"312",6
"13366",3,1,1,"311",5
"14631",3,3,4,"334",10
"17169",3,4,3,"343",10
"14261",3,3,4,"334",10
"16177",3,2,2,"322",7
"17764",3,3,3,"333",9
"18252",3,3,3,"333",9
"14585",3,1,1,"311",5
"17603",3,4,4,"344",11
"17092",3,3,4,"334",10
"18228",3,3,3,"333",9
"13761",3,3,4,"334",10
"15620",3,4,4,"344",11
"13136",3,5,5,"355",13
"15121",3,2,2,"322",7
"17125",3,1,1,"311",5
"17354",3,1,4,"314",8
"14427",3,2,2,"322",7
"15129",3,5,5,"355",13
"16394",3,5,4,"354",12
"12556",3,3,3,"333",9
"17571",3,4,4,"344",11
"13897",3,2,2,"322",7
"18149",3,3,3,"333",9
"15565",3,2,1,"321",6
"17420",3,3,3,"333",9
"13245",3,1,2,"312",6
"13519",3,2,1,"321",6
"13573",3,2,2,"322",7
"15301",3,5,5,"355",13
"16593",3,3,2,"332",8
"14495",3,2,1,"321",6
"16099",3,3,3,"333",9
"14484",3,2,2,"322",7
"16170",3,5,4,"354",12
"16260",3,2,4,"324",9
"15807",3,3,3,"333",9
"15587",3,4,3,"343",10
"14923",3,1,3,"313",7
"15754",3,4,2,"342",9
"15610",3,2,1,"321",6
"15803",3,1,2,"312",6
"14488",3,3,4,"334",10
"14229",3,4,4,"344",11
"13849",3,3,4,"334",10
"14175",3,5,5,"355",13
"13422",3,3,5,"335",11
"14107",3,5,5,"355",13
"17934",3,3,3,"333",9
"15006",3,1,2,"312",6
"16826",3,2,2,"322",7
"16470",3,4,3,"343",10
"17973",3,2,2,"322",7
"14799",3,1,1,"311",5
"16131",3,4,5,"345",12
"17148",3,1,1,"311",5
"12596",3,3,3,"333",9
"17462",3,3,3,"333",9
"14306",3,3,5,"335",11
"12370",3,4,5,"345",12
"16123",3,2,2,"322",7
"15853",3,2,1,"321",6
"12744",3,5,5,"355",13
"14257",3,4,5,"345",12
"17824",3,2,2,"322",7
"14776",3,5,5,"355",13
"13491",3,5,4,"354",12
"14273",3,4,3,"343",10
"15220",3,5,4,"354",12
"16621",3,4,3,"343",10
"15826",3,4,4,"344",11
"18019",3,1,1,"311",5
"17679",3,3,4,"334",10
"14798",3,3,1,"331",7
"12759",3,3,4,"334",10
"14381",3,1,1,"311",5
"16848",3,2,2,"322",7
"15327",3,1,1,"311",5
"16734",3,3,3,"333",9
"16730",3,4,3,"343",10
"12611",3,1,4,"314",8
"12863",3,3,3,"333",9
"16940",3,3,5,"335",11
"16140",3,4,3,"343",10
"15678",3,1,2,"312",6
"16249",3,4,4,"344",11
"15140",3,5,5,"355",13
"17262",3,4,4,"344",11
"13805",3,3,3,"333",9
"15637",3,1,1,"311",5
"12679",3,5,4,"354",12
"13594",3,1,2,"312",6
"15505",3,5,5,"355",13
"16515",3,4,4,"344",11
"15604",3,1,1,"311",5
"14639",3,5,5,"355",13
"12360",3,3,5,"335",11
"14861",3,1,1,"311",5
"14015",3,2,3,"323",8
"13637",3,3,3,"333",9
"16737",3,1,2,"312",6
"16563",3,2,4,"324",9
"17520",3,1,3,"313",7
"17244",3,2,3,"323",8
"14211",3,5,5,"355",13
"15091",3,3,2,"332",8
"13015",3,4,5,"345",12
"14830",3,1,1,"311",5
"12794",3,3,3,"333",9
"16652",3,5,5,"355",13
"12454",3,3,5,"335",11
"17734",3,3,3,"333",9
"13919",3,3,2,"332",8
"17534",3,1,1,"311",5
"16932",3,1,1,"311",5
"17206",3,1,1,"311",5
"17785",3,1,1,"311",5
"17527",3,4,4,"344",11
"12475",3,1,3,"313",7
"17612",3,5,5,"355",13
"14841",3,4,5,"345",12
"13265",3,4,5,"345",12
"13923",3,1,2,"312",6
"16363",3,2,1,"321",6
"16542",3,2,1,"321",6
"17201",3,2,2,"322",7
"13875",3,4,4,"344",11
"14443",3,5,4,"354",12
"16412",3,1,1,"311",5
"17205",3,1,2,"312",6
"15012",3,2,2,"322",7
"18042",3,1,1,"311",5
"13750",3,4,4,"344",11
"15335",3,1,1,"311",5
"16389",3,4,4,"344",11
"16206",3,4,3,"343",10
"13034",3,3,3,"333",9
"13760",3,2,2,"322",7
"16934",3,3,3,"333",9
"15440",3,3,2,"332",8
"15994",3,1,2,"312",6
"16674",3,2,2,"322",7
"15545",3,2,2,"322",7
"16052",3,1,2,"312",6
"14780",3,2,2,"322",7
"13878",3,1,4,"314",8
"13213",3,4,4,"344",11
"17892",3,3,1,"331",7
"16950",3,3,4,"334",10
"13814",3,3,4,"334",10
"17986",3,2,1,"321",6
"14937",3,4,4,"344",11
"16239",3,3,2,"332",8
"14089",3,1,1,"311",5
"13006",3,1,1,"311",5
"16413",3,2,2,"322",7
"17771",3,2,1,"321",6
"17180",3,4,3,"343",10
"16081",3,4,5,"345",12
"13035",3,3,4,"334",10
"17724",3,4,4,"344",11
"14975",3,2,2,"322",7
"13487",3,3,3,"333",9
"14555",3,2,2,"322",7
"14421",3,3,3,"333",9
"13858",3,1,1,"311",5
"15272",3,3,3,"333",9
"17181",3,2,1,"321",6
"14537",3,1,2,"312",6
"14976",3,5,3,"353",11
"12876",3,3,5,"335",11
"13911",3,5,5,"355",13
"16773",3,1,1,"311",5
"14624",3,2,1,"321",6
"16770",3,4,3,"343",10
"17279",3,1,1,"311",5
"17509",3,5,5,"355",13
"16224",3,4,4,"344",11
"16430",3,2,2,"322",7
"15606",3,5,5,"355",13
"18160",3,3,3,"333",9
"12446",3,2,4,"324",9
"12631",3,1,3,"313",7
"12612",3,3,3,"333",9
"16121",3,3,3,"333",9
"15367",3,4,4,"344",11
"16793",3,1,1,"311",5
"17614",3,1,2,"312",6
"13827",3,3,2,"332",8
"13930",3,2,2,"322",7
"13520",3,5,5,"355",13
"13865",3,4,3,"343",10
"17064",3,3,3,"333",9
"12602",3,1,1,"311",5
"12457",3,5,5,"355",13
"14775",3,3,4,"334",10
"12667",3,1,3,"313",7
"14642",3,2,1,"321",6
"14761",3,2,2,"322",7
"12908",3,4,4,"344",11
"15831",3,4,3,"343",10
"13842",3,5,5,"355",13
"13464",3,1,3,"313",7
"18171",3,5,4,"354",12
"16753",3,1,1,"311",5
"14541",3,5,4,"354",12
"12633",3,4,5,"345",12
"18277",3,2,1,"321",6
"16203",3,4,3,"343",10
"15840",3,3,2,"332",8
"15281",3,5,5,"355",13
"17913",3,2,2,"322",7
"13208",3,5,4,"354",12
"17489",3,2,2,"322",7
"17190",3,3,3,"333",9
"15421",3,4,3,"343",10
"14852",3,4,5,"345",12
"12607",3,3,5,"335",11
"13359",3,2,2,"322",7
"13517",3,4,5,"345",12
"15706",3,5,4,"354",12
"16171",3,1,1,"311",5
"12836",3,4,5,"345",12
"13627",3,4,4,"344",11
"13690",3,1,1,"311",5
"15199",3,4,4,"344",11
"12824",3,1,2,"312",6
"12772",3,2,3,"323",8
"12530",3,4,4,"344",11
"14857",3,3,4,"334",10
"16120",3,4,4,"344",11
"16086",3,4,4,"344",11
"13283",3,2,1,"321",6
"16136",3,3,3,"333",9
"14535",3,4,5,"345",12
"17863",3,4,5,"345",12
"14959",3,4,3,"343",10
"16861",3,3,1,"331",7
"17620",3,1,1,"311",5
"17589",3,4,5,"345",12
"14027",3,2,1,"321",6
"18169",3,1,1,"311",5
"15886",3,1,1,"311",5
"17025",3,3,2,"332",8
"16385",3,3,3,"333",9
"14356",3,4,3,"343",10
"16395",3,4,4,"344",11
"15193",3,1,3,"313",7
"14665",3,5,5,"355",13
"18126",3,1,1,"311",5
"16982",3,1,2,"312",6
"13473",3,3,2,"332",8
"15304",3,5,3,"353",11
"13980",3,1,1,"311",5
"17214",3,5,4,"354",12
"13666",3,3,1,"331",7
"16179",3,1,1,"311",5
"15211",3,3,3,"333",9
"15128",3,5,4,"354",12
"14451",3,3,3,"333",9
"15553",3,1,2,"312",6
"14128",3,3,3,"333",9
"17284",3,5,4,"354",12
"13373",3,3,5,"335",11
"16776",3,1,2,"312",6
"17648",3,4,4,"344",11
"14529",3,3,3,"333",9
"14201",3,5,3,"353",11
"13224",3,3,5,"335",11
"14801",3,1,1,"311",5
"16921",3,1,1,"311",5
"16685",3,2,2,"322",7
"13193",3,2,1,"321",6
"16104",3,2,2,"322",7
"16380",3,1,4,"314",8
"13260",3,1,3,"313",7
"16248",3,1,1,"311",5
"14514",3,3,4,"334",10
"16518",3,3,2,"332",8
"16595",3,1,2,"312",6
"18088",3,1,1,"311",5
"13259",3,2,2,"322",7
"15756",3,4,3,"343",10
"13419",3,1,1,"311",5
"14792",3,2,1,"321",6
"12519",3,2,2,"322",7
"12885",3,4,4,"344",11
"13689",3,2,3,"323",8
"15874",3,5,5,"355",13
"14462",3,5,4,"354",12
"14067",3,2,2,"322",7
"14844",3,4,5,"345",12
"13169",3,3,3,"333",9
"13276",3,3,3,"333",9
"12420",3,1,3,"313",7
"13763",3,3,4,"334",10
"12740",3,1,2,"312",6
"17030",3,1,1,"311",5
"12394",3,3,4,"334",10
"16354",3,2,2,"322",7
"14029",3,2,2,"322",7
"16477",3,5,5,"355",13
"15815",3,4,5,"345",12
"13806",3,2,2,"322",7
"18136",3,4,3,"343",10
"12492",3,2,2,"322",7
"16455",3,4,4,"344",11
"13876",3,2,1,"321",6
"16184",3,5,4,"354",12
"14518",3,1,1,"311",5
"12923",3,1,1,"311",5
"15416",3,4,5,"345",12
"16160",3,4,4,"344",11
"14501",3,3,2,"332",8
"13602",3,1,2,"312",6
"16875",3,5,5,"355",13
"15315",3,3,3,"333",9
"14317",3,1,3,"313",7
"16316",3,5,5,"355",13
"14819",3,2,2,"322",7
"13348",3,1,1,"311",5
"14557",3,3,4,"334",10
"13504",3,2,2,"322",7
"15841",3,4,4,"344",11
"13845",3,2,2,"322",7
"13317",3,5,5,"355",13
"16895",3,1,1,"311",5
"12703",3,2,2,"322",7
"15322",3,3,3,"333",9
"17921",3,4,3,"343",10
"15766",3,2,2,"322",7
"14538",3,2,2,"322",7
"13279",3,2,1,"321",6
"16842",3,4,4,"344",11
"18194",3,3,4,"334",10
"13049",3,3,3,"333",9
"15837",3,1,2,"312",6
"16432",3,2,2,"322",7
"15937",3,1,1,"311",5
"12939",3,5,5,"355",13
"13055",3,4,4,"344",11
"16462",3,4,1,"341",8
"15306",3,3,4,"334",10
"13177",3,2,2,"322",7
"15518",3,5,4,"354",12
"13591",3,3,4,"334",10
"15300",3,1,3,"313",7
"14333",3,2,2,"322",7
"16909",3,2,2,"322",7
"13023",3,3,3,"333",9
"15264",3,1,2,"312",6
"13771",3,4,5,"345",12
"16059",3,4,4,"344",11
"13483",3,1,1,"311",5
"17222",3,2,2,"322",7
"15762",3,3,3,"333",9
"16040",3,3,4,"334",10
"15048",3,4,2,"342",9
"15730",3,4,4,"344",11
"18033",3,2,1,"321",6
"16758",3,1,2,"312",6
"13947",3,1,1,"311",5
"17483",3,3,2,"332",8
"15127",3,1,2,"312",6
"15244",3,3,3,"333",9
"12789",3,1,1,"311",5
"17382",3,1,1,"311",5
"14396",3,3,2,"332",8
"15757",3,3,3,"333",9
"13989",3,3,4,"334",10
"12843",3,5,4,"354",12
"16803",3,2,2,"322",7
"17647",3,1,1,"311",5
"14054",3,1,1,"311",5
"16106",3,2,1,"321",6
"17667",3,4,4,"344",11
"17957",3,2,1,"321",6
"16881",3,1,2,"312",6
"13801",3,2,2,"322",7
"12413",3,4,3,"343",10
"13364",3,2,2,"322",7
"15276",3,1,1,"311",5
"18053",3,2,2,"322",7
"15241",3,5,4,"354",12
"15739",3,1,2,"312",6
"16882",3,3,3,"333",9
"14184",3,1,2,"312",6
"13351",3,1,2,"312",6
"15181",3,4,3,"343",10
"16374",3,2,2,"322",7
"13552",3,5,5,"355",13
"15339",3,3,3,"333",9
"16556",3,5,5,"355",13
"12512",3,2,1,"321",6
"15255",3,2,3,"323",8
"13792",3,2,1,"321",6
"15228",3,4,5,"345",12
"14193",3,3,3,"333",9
"18116",3,5,4,"354",12
"14651",3,3,3,"333",9
"15930",3,1,2,"312",6
"12637",3,5,5,"355",13
"12886",3,3,4,"334",10
"13431",3,3,4,"334",10
"15299",3,5,5,"355",13
"13635",3,2,4,"324",9
"13344",3,3,5,"335",11
"13505",3,5,5,"355",13
"16183",3,2,2,"322",7
"16774",3,4,3,"343",10
"16441",3,2,2,"322",7
"15579",3,2,2,"322",7
"16667",3,3,3,"333",9
"14970",3,4,4,"344",11
"16693",3,2,2,"322",7
"15774",3,2,2,"322",7
"15164",3,3,3,"333",9
"16591",3,1,1,"311",5
"16613",3,1,3,"313",7
"17376",3,2,1,"321",6
"13095",3,1,1,"311",5
"18008",3,5,5,"355",13
"15593",3,1,1,"311",5
"12842",3,3,4,"334",10
"15185",3,2,2,"322",7
"14164",3,3,4,"334",10
"13092",3,4,3,"343",10
"13764",3,3,4,"334",10
"12694",3,3,3,"333",9
"13320",3,4,4,"344",11
"15834",3,4,5,"345",12
"13347",3,2,2,"322",7
"17506",3,2,2,"322",7
"14916",3,4,4,"344",11
"16404",3,1,2,"312",6
"12822",3,3,4,"334",10
"13972",3,2,1,"321",6
"12372",3,3,4,"334",10
"17427",3,2,1,"321",6
"17894",3,5,4,"354",12
"15030",3,3,3,"333",9
"16574",2,1,2,"212",5
"14681",2,3,3,"233",8
"12718",2,1,1,"211",4
"13741",2,4,3,"243",9
"18204",2,4,4,"244",10
"12728",2,4,3,"243",9
"13354",2,1,3,"213",6
"14409",2,4,5,"245",11
"13503",2,1,1,"211",4
"13886",2,1,1,"211",4
"15062",2,4,4,"244",10
"12458",2,3,3,"233",8
"16589",2,3,2,"232",7
"16268",2,3,3,"233",8
"14475",2,4,4,"244",10
"17572",2,4,1,"241",7
"16233",2,4,3,"243",9
"15175",2,1,1,"211",4
"18235",2,3,4,"234",9
"17905",2,4,3,"243",9
"17819",2,5,5,"255",12
"18192",2,2,4,"224",8
"16650",2,1,3,"213",6
"14305",2,4,4,"244",10
"15036",2,3,2,"232",7
"12566",2,2,2,"222",6
"17950",2,4,2,"242",8
"16321",2,5,3,"253",10
"16182",2,4,5,"245",11
"13061",2,2,2,"222",6
"12393",2,4,4,"244",10
"13134",2,4,4,"244",10
"14609",2,4,3,"243",9
"17370",2,4,2,"242",8
"16681",2,4,4,"244",10
"18265",2,3,3,"233",8
"18242",2,4,5,"245",11
"13321",2,3,3,"233",8
"17513",2,1,3,"213",6
"16493",2,4,4,"244",10
"16281",2,1,4,"214",7
"13515",2,4,3,"243",9
"14978",2,4,4,"244",10
"17783",2,2,2,"222",6
"14934",2,3,4,"234",9
"14947",2,2,2,"222",6
"13901",2,4,5,"245",11
"15348",2,1,1,"211",4
"13397",2,4,4,"244",10
"17480",2,3,3,"233",8
"15674",2,5,5,"255",12
"17061",2,5,5,"255",12
"16573",2,4,3,"243",9
"16181",2,2,2,"222",6
"12987",2,3,3,"233",8
"16629",2,2,2,"222",6
"17656",2,4,4,"244",10
"17591",2,5,5,"255",12
"13514",2,1,1,"211",4
"18278",2,1,1,"211",4
"17002",2,4,4,"244",10
"14101",2,4,5,"245",11
"13016",2,3,3,"233",8
"12579",2,3,2,"232",7
"17805",2,1,3,"213",6
"13979",2,2,3,"223",7
"14272",2,2,2,"222",6
"16266",2,5,3,"253",10
"16122",2,4,3,"243",9
"14818",2,3,3,"233",8
"13555",2,4,5,"245",11
"17788",2,3,4,"234",9
"12455",2,4,5,"245",11
"15827",2,5,4,"254",11
"15958",2,2,1,"221",5
"13434",2,3,3,"233",8
"17674",2,3,3,"233",8
"13233",2,3,3,"233",8
"16383",2,3,3,"233",8
"17172",2,2,2,"222",6
"15626",2,3,3,"233",8
"15154",2,2,2,"222",6
"16778",2,2,1,"221",5
"14473",2,2,1,"221",5
"13927",2,2,2,"222",6
"15243",2,2,2,"222",6
"12412",2,3,4,"234",9
"13639",2,2,4,"224",8
"13405",2,3,3,"233",8
"14908",2,2,2,"222",6
"17997",2,5,5,"255",12
"16468",2,1,1,"211",4
"13390",2,1,3,"213",6
"13866",2,1,1,"211",4
"12823",2,4,4,"244",10
"16603",2,3,2,"232",7
"14757",2,1,2,"212",5
"18066",2,2,2,"222",6
"17154",2,2,2,"222",6
"16594",2,1,1,"211",4
"14152",2,3,3,"233",8
"14561",2,3,4,"234",9
"15366",2,3,3,"233",8
"12348",2,4,4,"244",10
"12545",2,3,4,"234",9
"14806",2,1,1,"211",4
"15312",2,4,3,"243",9
"13787",2,2,2,"222",6
"16480",2,2,3,"223",7
"13670",2,2,2,"222",6
"15799",2,3,3,"233",8
"16342",2,4,2,"242",8
"18155",2,4,2,"242",8
"16689",2,3,3,"233",8
"16198",2,1,2,"212",5
"17498",2,2,2,"222",6
"16978",2,2,2,"222",6
"12995",2,2,1,"221",5
"12516",2,3,4,"234",9
"15549",2,4,4,"244",10
"15978",2,2,4,"224",8
"13127",2,2,2,"222",6
"16485",2,1,2,"212",5
"15475",2,1,2,"212",5
"15075",2,2,3,"223",7
"13336",2,2,3,"223",7
"16872",2,3,3,"233",8
"14014",2,1,3,"213",6
"14880",2,3,3,"233",8
"18189",2,3,4,"234",9
"17388",2,4,4,"244",10
"14652",2,2,1,"221",5
"15744",2,1,1,"211",4
"15201",2,5,4,"254",11
"12609",2,3,4,"234",9
"16715",2,2,2,"222",6
"16735",2,5,5,"255",12
"17460",2,5,3,"253",10
"14038",2,4,4,"244",10
"13220",2,4,3,"243",9
"12409",2,5,5,"255",12
"13486",2,3,4,"234",9
"12930",2,4,2,"242",8
"15067",2,3,4,"234",9
"15810",2,5,4,"254",11
"16236",2,1,2,"212",5
"12854",2,4,4,"244",10
"15603",2,1,1,"211",4
"17027",2,5,3,"253",10
"16213",2,1,1,"211",4
"16984",2,4,5,"245",11
"17079",2,2,1,"221",5
"17311",2,3,4,"234",9
"13529",2,2,2,"222",6
"14854",2,5,5,"255",12
"12425",2,2,3,"223",7
"12739",2,3,4,"234",9
"17037",2,3,4,"234",9
"12520",2,4,5,"245",11
"17731",2,4,4,"244",10
"12701",2,3,3,"233",8
"12550",2,2,4,"224",8
"16627",2,2,2,"222",6
"13959",2,3,3,"233",8
"12435",2,3,5,"235",10
"15888",2,2,1,"221",5
"12390",2,1,3,"213",6
"12604",2,2,2,"222",6
"14951",2,2,2,"222",6
"13946",2,3,3,"233",8
"17415",2,1,3,"213",6
"14887",2,1,4,"214",7
"17475",2,1,1,"211",4
"13908",2,4,5,"245",11
"15433",2,3,3,"233",8
"13356",2,2,3,"223",7
"17873",2,4,4,"244",10
"16777",2,2,1,"221",5
"16928",2,5,5,"255",12
"13038",2,3,3,"233",8
"16624",2,3,3,"233",8
"16215",2,1,1,"211",4
"14236",2,3,2,"232",7
"16584",2,3,4,"234",9
"15026",2,3,2,"232",7
"15341",2,1,4,"214",7
"16211",2,3,3,"233",8
"12752",2,1,5,"215",8
"17058",2,3,4,"234",9
"18094",2,5,5,"255",12
"13325",2,1,3,"213",6
"16906",2,4,3,"243",9
"15504",2,1,1,"211",4
"13228",2,1,2,"212",5
"12497",2,2,4,"224",8
"15764",2,5,5,"255",12
"13774",2,2,2,"222",6
"18017",2,3,3,"233",8
"18232",2,4,3,"243",9
"16527",2,1,1,"211",4
"12527",2,3,2,"232",7
"15675",2,3,2,"232",7
"13562",2,3,4,"234",9
"17628",2,1,1,"211",4
"16080",2,3,2,"232",7
"17848",2,5,3,"253",10
"16428",2,2,1,"221",5
"12379",2,3,3,"233",8
"13375",2,3,3,"233",8
"13334",2,3,5,"235",10
"15947",2,1,4,"214",7
"16370",2,4,4,"244",10
"13067",2,2,1,"221",5
"17802",2,4,4,"244",10
"16108",2,3,3,"233",8
"12434",2,4,3,"243",9
"13563",2,3,3,"233",8
"15410",2,5,5,"255",12
"13141",2,4,5,"245",11
"14124",2,1,2,"212",5
"15975",2,1,2,"212",5
"12871",2,2,2,"222",6
"16709",2,4,5,"245",11
"15099",2,1,2,"212",5
"15523",2,1,2,"212",5
"14177",2,4,3,"243",9
"12513",2,3,3,"233",8
"14420",2,2,2,"222",6
"12616",2,4,3,"243",9
"13539",2,4,3,"243",9
"15417",2,1,3,"213",6
"16048",2,3,2,"232",7
"15466",2,2,2,"222",6
"12722",2,4,4,"244",10
"14915",2,3,2,"232",7
"17846",2,1,4,"214",7
"13931",2,3,4,"234",9
"17786",2,2,2,"222",6
"14105",2,3,4,"234",9
"15205",2,3,3,"233",8
"14894",2,1,3,"213",6
"13518",2,1,3,"213",6
"13662",2,4,3,"243",9
"17047",2,3,4,"234",9
"17898",2,2,1,"221",5
"17333",2,1,2,"212",5
"17594",2,3,4,"234",9
"15122",2,4,4,"244",10
"12756",2,2,1,"221",5
"17347",2,1,1,"211",4
"18173",2,4,5,"245",11
"16745",2,5,5,"255",12
"17033",2,3,4,"234",9
"17640",2,1,3,"213",6
"14660",2,2,2,"222",6
"13877",2,2,1,"221",5
"18251",2,1,5,"215",8
"16229",2,3,4,"234",9
"14753",2,1,3,"213",6
"16098",2,5,4,"254",11
"16036",2,3,3,"233",8
"15343",2,1,2,"212",5
"16959",2,2,1,"221",5
"14163",2,4,5,"245",11
"16451",2,2,2,"222",6
"15216",2,2,1,"221",5
"16209",2,4,5,"245",11
"14500",2,3,2,"232",7
"12924",2,4,3,"243",9
"14276",2,4,4,"244",10
"15673",2,4,5,"245",11
"14307",2,4,5,"245",11
"13850",2,3,4,"234",9
"15996",2,5,4,"254",11
"15980",2,3,5,"235",10
"17433",2,2,2,"222",6
"17919",2,1,4,"214",7
"16475",2,4,3,"243",9
"12884",2,2,2,"222",6
"16141",2,1,3,"213",6
"15939",2,5,5,"255",12
"15636",2,3,3,"233",8
"15035",2,2,2,"222",6
"13124",2,3,5,"235",10
"14212",2,2,4,"224",8
"18255",2,2,1,"221",5
"12965",2,2,3,"223",7
"18215",2,2,2,"222",6
"13611",2,4,4,"244",10
"14837",2,4,4,"244",10
"12635",2,3,4,"234",9
"16796",2,2,2,"222",6
"16384",2,3,3,"233",8
"13372",2,1,2,"212",5
"14414",2,5,4,"254",11
"16723",2,3,3,"233",8
"16027",2,5,4,"254",11
"15652",2,2,2,"222",6
"14628",2,3,3,"233",8
"12535",2,3,3,"233",8
"13441",2,2,2,"222",6
"16309",2,3,3,"233",8
"14210",2,5,4,"254",11
"12592",2,2,2,"222",6
"15198",2,2,1,"221",5
"13249",2,3,3,"233",8
"15885",2,3,2,"232",7
"15488",2,1,1,"211",4
"15653",2,3,3,"233",8
"14223",2,4,4,"244",10
"15400",2,4,3,"243",9
"13330",2,3,4,"234",9
"16031",2,3,3,"233",8
"13889",2,1,2,"212",5
"13244",2,2,1,"221",5
"13848",2,3,4,"234",9
"18222",2,1,2,"212",5
"15071",2,3,4,"234",9
"13210",2,1,2,"212",5
"16828",2,2,1,"221",5
"18093",2,4,5,"245",11
"13130",2,1,1,"211",4
"16175",2,4,4,"244",10
"13158",2,4,4,"244",10
"17339",2,2,1,"221",5
"15462",2,3,1,"231",6
"14208",2,1,1,"211",4
"13122",2,3,3,"233",8
"12461",2,3,3,"233",8
"16400",2,2,2,"222",6
"17560",2,4,3,"243",9
"17309",2,1,1,"211",4
"15307",2,1,1,"211",4
"13744",2,3,4,"234",9
"15364",2,3,3,"233",8
"13192",2,3,3,"233",8
"16820",2,1,3,"213",6
"16551",2,3,3,"233",8
"13748",2,4,3,"243",9
"14565",2,4,5,"245",11
"12502",2,4,5,"245",11
"12422",2,3,3,"233",8
"13851",2,3,5,"235",10
"16172",2,4,4,"244",10
"18196",2,3,3,"233",8
"12816",2,3,3,"233",8
"15491",2,5,5,"255",12
"16761",2,2,2,"222",6
"14965",2,3,3,"233",8
"17774",2,4,4,"244",10
"17050",2,4,5,"245",11
"13240",2,4,3,"243",9
"13548",2,3,3,"233",8
"12851",2,1,1,"211",4
"17229",2,2,2,"222",6
"17722",2,4,5,"245",11
"12710",2,4,4,"244",10
"14463",2,3,3,"233",8
"16092",2,4,3,"243",9
"18027",2,2,1,"221",5
"14436",2,1,1,"211",4
"18087",2,4,5,"245",11
"14171",2,1,2,"212",5
"13045",2,2,2,"222",6
"15829",2,3,3,"233",8
"13631",2,5,5,"255",12
"16456",2,4,5,"245",11
"13470",2,2,1,"221",5
"13099",2,1,1,"211",4
"13376",2,3,4,"234",9
"16808",2,2,2,"222",6
"12436",2,1,3,"213",6
"17747",2,2,1,"221",5
"16083",2,3,4,"234",9
"13466",2,2,2,"222",6
"16180",2,5,5,"255",12
"15596",2,5,4,"254",11
"15260",2,5,4,"254",11
"17320",2,3,4,"234",9
"14513",2,4,2,"242",8
"17588",2,3,4,"234",9
"16780",2,2,2,"222",6
"15625",2,5,4,"254",11
"17298",2,3,3,"233",8
"12814",2,1,1,"211",4
"15866",2,1,1,"211",4
"14078",2,4,4,"244",10
"14472",2,5,4,"254",11
"16816",2,4,2,"242",8
"15095",2,4,4,"244",10
"15569",2,4,4,"244",10
"13301",2,4,3,"243",9
"13778",2,1,1,"211",4
"16806",2,4,3,"243",9
"15325",2,1,1,"211",4
"13003",2,3,1,"231",6
"17146",2,3,3,"233",8
"16641",2,1,1,"211",4
"13489",2,4,2,"242",8
"15641",2,4,4,"244",10
"15074",2,1,3,"213",6
"16429",2,2,2,"222",6
"18200",2,1,1,"211",4
"16093",2,1,1,"211",4
"12624",2,3,3,"233",8
"14687",2,1,3,"213",6
"17844",2,1,1,"211",4
"14314",2,2,1,"221",5
"17134",2,2,2,"222",6
"14196",2,2,2,"222",6
"15663",2,1,1,"211",4
"15263",2,1,1,"211",4
"12715",2,2,2,"222",6
"16503",2,4,4,"244",10
"13000",2,3,3,"233",8
"16859",2,4,4,"244",10
"17189",2,2,2,"222",6
"14055",2,1,3,"213",6
"17869",2,4,2,"242",8
"14973",2,3,4,"234",9
"16302",2,2,2,"222",6
"15812",2,4,4,"244",10
"13411",2,1,1,"211",4
"12853",2,5,4,"254",11
"12649",2,4,3,"243",9
"16340",2,1,3,"213",6
"17268",2,4,3,"243",9
"14301",2,3,3,"233",8
"14407",2,5,5,"255",12
"15800",2,3,3,"233",8
"16536",2,3,3,"233",8
"17256",2,2,1,"221",5
"13140",2,3,2,"232",7
"14364",2,5,5,"255",12
"17242",2,3,4,"234",9
"12593",2,3,2,"232",7
"16550",2,5,5,"255",12
"18018",2,2,1,"221",5
"13425",2,3,4,"234",9
"14523",2,1,1,"211",4
"13593",2,4,4,"244",10
"14930",2,3,5,"235",10
"14265",2,3,3,"233",8
"14045",2,4,4,"244",10
"12363",2,3,3,"233",8
"13933",2,3,3,"233",8
"16952",2,2,1,"221",5
"17585",2,4,4,"244",10
"17083",2,3,4,"234",9
"14460",2,4,2,"242",8
"14246",2,3,4,"234",9
"14013",2,3,2,"232",7
"14224",2,4,4,"244",10
"17029",2,3,3,"233",8
"14566",2,1,4,"214",7
"15313",2,1,1,"211",4
"15396",2,2,2,"222",6
"14745",2,4,4,"244",10
"12968",2,1,1,"211",4
"14772",2,1,1,"211",4
"13242",2,3,2,"232",7
"12418",2,1,3,"213",6
"16419",2,5,4,"254",11
"15938",2,4,2,"242",8
"17045",2,3,2,"232",7
"15797",2,4,5,"245",11
"12688",2,1,5,"215",8
"17742",2,2,2,"222",6
"15232",2,3,3,"233",8
"16582",2,2,2,"222",6
"15472",2,1,2,"212",5
"13273",2,1,1,"211",4
"12729",2,1,2,"212",5
"13027",2,4,5,"245",11
"18248",2,4,3,"243",9
"18178",2,4,4,"244",10
"16755",2,4,4,"244",10
"15541",2,1,1,"211",4
"13655",2,3,3,"233",8
"14323",2,4,3,"243",9
"17070",2,2,2,"222",6
"17398",2,3,3,"233",8
"18073",2,5,5,"255",12
"15734",2,3,4,"234",9
"15768",2,4,3,"243",9
"12641",2,1,1,"211",4
"17048",2,4,4,"244",10
"16927",2,3,3,"233",8
"14918",2,3,4,"234",9
"15002",2,4,4,"244",10
"14006",2,3,4,"234",9
"13799",2,3,3,"233",8
"16902",2,1,4,"214",7
"17958",2,1,3,"213",6
"15480",2,2,3,"223",7
"16961",2,1,1,"211",4
"17252",2,2,2,"222",6
"16272",2,1,2,"212",5
"13621",2,1,1,"211",4
"12758",2,3,5,"235",10
"15624",2,4,3,"243",9
"13720",2,4,3,"243",9
"15342",2,2,2,"222",6
"18143",2,3,4,"234",9
"15683",2,1,1,"211",4
"16292",2,2,2,"222",6
"13116",2,3,3,"233",8
"16317",2,3,4,"234",9
"17122",2,1,1,"211",4
"15192",2,3,4,"234",9
"16045",2,4,4,"244",10
"17642",2,3,3,"233",8
"14406",2,1,1,"211",4
"13888",2,3,3,"233",8
"15689",2,2,2,"222",6
"13873",2,4,2,"242",8
"12399",2,4,4,"244",10
"14855",2,3,3,"233",8
"14346",2,3,4,"234",9
"17429",2,4,3,"243",9
"13722",2,4,5,"245",11
"17531",2,2,2,"222",6
"13645",2,2,2,"222",6
"15581",2,5,5,"255",12
"13307",2,1,1,"211",4
"17248",2,2,2,"222",6
"12693",2,4,3,"243",9
"17994",2,4,3,"243",9
"14024",2,2,2,"222",6
"13388",2,3,3,"233",8
"12929",2,2,1,"221",5
"15247",2,1,2,"212",5
"13355",2,1,3,"213",6
"13217",2,4,3,"243",9
"13280",2,3,3,"233",8
"14127",2,3,3,"233",8
"13162",2,4,4,"244",10
"17331",2,1,1,"211",4
"15985",2,3,4,"234",9
"16951",2,4,4,"244",10
"13869",2,4,5,"245",11
"17085",2,4,4,"244",10
"16788",2,3,3,"233",8
"13752",2,4,4,"244",10
"14331",2,2,2,"222",6
"14079",2,1,2,"212",5
"14053",2,2,2,"222",6
"13248",2,2,2,"222",6
"13513",2,1,1,"211",4
"17457",2,4,4,"244",10
"17400",2,4,5,"245",11
"13082",2,5,5,"255",12
"16174",2,3,4,"234",9
"13402",2,3,3,"233",8
"15254",2,2,2,"222",6
"16572",2,4,4,"244",10
"13218",2,1,1,"211",4
"18099",2,1,1,"211",4
"17692",2,4,3,"243",9
"15133",2,3,4,"234",9
"14778",2,3,3,"233",8
"14344",2,5,3,"253",10
"17267",2,2,2,"222",6
"17723",2,4,5,"245",11
"16835",2,2,1,"221",5
"17053",2,3,3,"233",8
"14972",2,2,1,"221",5
"16324",2,3,2,"232",7
"15374",2,1,1,"211",4
"17514",2,1,1,"211",4
"12750",2,2,2,"222",6
"12643",2,4,5,"245",11
"13106",2,2,1,"221",5
"12917",2,1,3,"213",6
"12378",2,2,5,"225",9
"17887",2,2,1,"221",5
"17353",2,3,4,"234",9
"14133",2,4,3,"243",9
"12644",2,1,2,"212",5
"14076",2,2,1,"221",5
"17553",2,1,4,"214",7
"13075",2,2,3,"223",7
"15120",2,2,2,"222",6
"14403",2,4,4,"244",10
"17282",2,3,4,"234",9
"17941",2,2,2,"222",6
"17615",2,3,2,"232",7
"12534",2,2,4,"224",8
"12942",2,3,3,"233",8
"17695",2,3,3,"233",8
"15438",2,1,1,"211",4
"14885",2,2,3,"223",7
"15149",2,1,3,"213",6
"17926",2,2,2,"222",6
"15942",2,2,2,"222",6
"15776",2,1,1,"211",4
"16147",2,1,2,"212",5
"14143",2,2,1,"221",5
"13414",2,3,4,"234",9
"18064",2,3,3,"233",8
"15639",2,1,2,"212",5
"15746",2,2,1,"221",5
"17649",2,3,3,"233",8
"12743",2,3,3,"233",8
"12507",2,4,4,"244",10
"14002",2,3,3,"233",8
"15118",2,1,1,"211",4
"17931",2,2,2,"222",6
"18268",2,2,1,"221",5
"18151",2,3,3,"233",8
"12453",2,1,3,"213",6
"13420",2,4,1,"241",7
"15245",2,3,5,"235",10
"15261",2,2,2,"222",6
"16447",2,2,2,"222",6
"13730",2,3,3,"233",8
"13194",2,1,1,"211",4
"16696",2,4,3,"243",9
"17693",2,3,1,"231",6
"13492",2,3,4,"234",9
"15855",2,4,3,"243",9
"14100",2,1,1,"211",4
"13296",2,1,1,"211",4
"17040",2,1,2,"212",5
"14692",2,4,3,"243",9
"15372",2,1,4,"214",7
"16178",2,1,1,"211",4
"16948",2,3,2,"232",7
"12916",2,4,5,"245",11
"12864",2,1,1,"211",4
"17265",2,3,3,"233",8
"13802",2,4,5,"245",11
"17312",2,3,3,"233",8
"13037",2,3,3,"233",8
"16305",2,1,2,"212",5
"17935",2,2,1,"221",5
"12763",2,3,2,"232",7
"15704",2,4,5,"245",11
"18146",2,2,1,"221",5
"18262",2,1,1,"211",4
"16866",2,3,1,"231",6
"15623",2,2,2,"222",6
"15108",2,4,4,"244",10
"14400",2,3,3,"233",8
"17660",2,1,1,"211",4
"14259",2,2,1,"221",5
"17694",2,2,2,"222",6
"16654",2,4,3,"243",9
"15802",2,3,4,"234",9
"12510",2,3,4,"234",9
"12521",2,1,3,"213",6
"17962",2,2,1,"221",5
"17866",2,2,2,"222",6
"16807",2,3,4,"234",9
"12468",2,3,3,"233",8
"14437",2,2,1,"221",5
"14117",2,1,1,"211",4
"12840",2,4,5,"245",11
"16112",2,4,1,"241",7
"12875",2,2,2,"222",6
"17065",2,2,1,"221",5
"15713",2,3,2,"232",7
"12947",2,5,4,"254",11
"13154",2,1,3,"213",6
"13821",2,2,2,"222",6
"14758",2,4,4,"244",10
"15369",2,1,4,"214",7
"13564",2,4,5,"245",11
"16398",2,3,4,"234",9
"17448",2,1,5,"215",8
"17984",2,1,1,"211",4
"16054",2,2,3,"223",7
"12833",2,1,2,"212",5
"15716",2,4,4,"244",10
"13967",2,1,1,"211",4
"12815",2,3,4,"234",9
"17440",2,4,1,"241",7
"14722",2,1,1,"211",4
"17444",2,3,5,"235",10
"14958",2,3,2,"232",7
"15004",2,1,4,"214",7
"17948",2,1,2,"212",5
"15256",2,2,1,"221",5
"14847",2,2,2,"222",6
"14461",2,3,5,"235",10
"17259",2,3,3,"233",8
"15402",2,3,3,"233",8
"14891",2,3,3,"233",8
"12653",2,3,5,"235",10
"12405",2,1,4,"214",7
"12915",2,2,2,"222",6
"15795",2,1,3,"213",6
"16450",2,2,2,"222",6
"16998",2,4,2,"242",8
"13667",2,2,2,"222",6
"15895",2,1,1,"211",4
"18121",2,3,3,"233",8
"14483",2,2,1,"221",5
"12669",2,4,5,"245",11
"14267",2,5,4,"254",11
"18193",2,3,2,"232",7
"14548",2,3,3,"233",8
"14552",2,1,1,"211",4
"15265",2,3,4,"234",9
"12717",2,3,4,"234",9
"13675",2,3,2,"232",7
"18142",2,4,4,"244",10
"15045",2,3,3,"233",8
"13754",2,2,2,"222",6
"17337",2,5,4,"254",11
"13678",2,1,1,"211",4
"13745",2,2,2,"222",6
"15577",2,3,2,"232",7
"18024",2,3,3,"233",8
"17126",2,5,4,"254",11
"17787",2,4,4,"244",10
"14264",2,3,2,"232",7
"12648",2,2,2,"222",6
"14104",2,2,1,"221",5
"16091",2,2,2,"222",6
"13955",2,2,2,"222",6
"15182",2,3,3,"233",8
"14905",2,3,3,"233",8
"13338",2,3,3,"233",8
"15920",2,4,1,"241",7
"14016",2,4,5,"245",11
"18037",2,4,1,"241",7
"18072",2,3,2,"232",7
"14021",2,3,3,"233",8
"12980",2,5,5,"255",12
"13699",2,2,2,"222",6
"13583",2,2,3,"223",7
"14459",2,1,4,"214",7
"16581",2,2,1,"221",5
"13302",2,1,1,"211",4
"13291",2,1,2,"212",5
"18013",2,2,1,"221",5
"15512",2,2,1,"221",5
"17341",2,3,3,"233",8
"16829",2,1,1,"211",4
"12450",2,2,1,"221",5
"15889",2,2,2,"222",6
"13253",2,3,4,"234",9
"15334",2,3,2,"232",7
"16919",2,5,5,"255",12
"12977",2,1,1,"211",4
"14645",2,3,3,"233",8
"16146",2,3,3,"233",8
"15646",2,4,2,"242",8
"14352",2,4,4,"244",10
"17046",2,1,3,"213",6
"13085",2,3,3,"233",8
"16338",2,1,1,"211",4
"18203",2,1,1,"211",4
"16344",2,2,1,"221",5
"17765",2,3,2,"232",7
"15349",2,2,2,"222",6
"14338",2,4,3,"243",9
"13826",2,2,1,"221",5
"17464",2,2,2,"222",6
"17781",2,2,1,"221",5
"17939",2,2,1,"221",5
"13833",2,1,2,"212",5
"15007",2,1,1,"211",4
"17899",2,1,1,"211",4
"17105",2,3,3,"233",8
"17123",2,2,2,"222",6
"17505",2,3,4,"234",9
"12922",2,1,2,"212",5
"16498",2,3,1,"231",6
"15483",2,4,1,"241",7
"12424",2,3,4,"234",9
"17891",2,1,1,"211",4
"15578",2,1,1,"211",4
"14803",2,3,3,"233",8
"15537",2,2,1,"221",5
"14327",2,2,2,"222",6
"16553",2,5,5,"255",12
"17391",2,3,3,"233",8
"17408",2,2,1,"221",5
"16801",2,4,5,"245",11
"14351",2,1,1,"211",4
"15146",2,3,4,"234",9
"14481",2,3,3,"233",8
"17900",2,4,1,"241",7
"16545",2,2,2,"222",6
"13300",2,2,2,"222",6
"13656",2,2,2,"222",6
"16473",2,4,2,"242",8
"17980",2,3,3,"233",8
"13453",2,2,2,"222",6
"15976",2,2,2,"222",6
"12493",2,3,2,"232",7
"17110",2,1,1,"211",4
"15644",2,4,3,"243",9
"17969",2,2,1,"221",5
"15104",2,3,4,"234",9
"12548",2,2,1,"221",5
"14795",2,1,1,"211",4
"12809",2,3,2,"232",7
"13856",2,4,2,"242",8
"15258",2,3,3,"233",8
"17704",2,3,3,"233",8
"15665",2,3,5,"235",10
"14584",2,4,4,"244",10
"16287",2,1,1,"211",4
"15130",2,2,2,"222",6
"13937",2,1,1,"211",4
"17630",2,3,3,"233",8
"13929",2,3,3,"233",8
"17709",2,1,1,"211",4
"17204",2,5,4,"254",11
"14656",2,2,2,"222",6
"15384",2,3,3,"233",8
"16647",2,2,1,"221",5
"15379",2,5,5,"255",12
"16114",2,1,1,"211",4
"17877",2,1,1,"211",4
"14643",2,3,3,"233",8
"16214",2,3,4,"234",9
"15041",2,1,1,"211",4
"14998",2,2,2,"222",6
"16247",2,2,1,"221",5
"15412",2,1,1,"211",4
"16526",2,2,2,"222",6
"13936",2,2,2,"222",6
"17960",2,1,1,"211",4
"15507",2,1,2,"212",5
"15700",2,3,3,"233",8
"15389",2,1,3,"213",6
"16739",2,2,2,"222",6
"18260",2,5,5,"255",12
"15280",2,2,1,"221",5
"16320",2,2,4,"224",8
"17897",2,4,3,"243",9
"15825",2,1,3,"213",6
"15016",2,1,1,"211",4
"15076",2,2,3,"223",7
"15921",2,2,2,"222",6
"13343",2,2,2,"222",6
"16484",2,3,2,"232",7
"15909",2,1,1,"211",4
"14162",2,2,2,"222",6
"16805",2,2,2,"222",6
"12837",2,1,1,"211",4
"17879",2,1,1,"211",4
"17616",2,3,3,"233",8
"13005",2,3,3,"233",8
"13568",2,1,1,"211",4
"15535",2,5,3,"253",10
"16050",2,1,1,"211",4
"18062",2,3,3,"233",8
"13618",2,1,1,"211",4
"14491",2,2,2,"222",6
"16257",2,1,1,"211",4
"14245",2,4,4,"244",10
"18168",2,5,4,"254",11
"15585",2,1,2,"212",5
"13951",2,3,3,"233",8
"16276",2,2,3,"223",7
"15219",2,2,2,"222",6
"17446",2,2,1,"221",5
"14037",2,2,1,"221",5
"16461",2,1,1,"211",4
"18165",2,2,2,"222",6
"15574",2,4,3,"243",9
"17536",2,1,1,"211",4
"16644",2,3,3,"233",8
"14222",2,1,3,"213",6
"17179",2,3,3,"233",8
"15912",2,2,2,"222",6
"12818",2,3,4,"234",9
"13476",2,4,4,"244",10
"17749",2,3,3,"233",8
"15643",1,4,3,"143",8
"17349",1,2,1,"121",4
"13080",1,1,1,"111",3
"14231",1,4,4,"144",9
"17795",1,2,2,"122",5
"13663",1,1,1,"111",3
"15069",1,2,4,"124",7
"12732",1,1,1,"111",3
"14573",1,5,4,"154",10
"14450",1,3,2,"132",6
"14823",1,3,2,"132",6
"18281",1,1,1,"111",3
"13686",1,1,1,"111",3
"15098",1,4,5,"145",10
"16614",1,1,3,"113",5
"13533",1,3,2,"132",6
"17234",1,1,1,"111",3
"15609",1,2,2,"122",5
"13462",1,2,1,"121",4
"15780",1,3,2,"132",6
"13900",1,3,3,"133",7
"16113",1,1,1,"111",3
"13811",1,4,4,"144",9
"14241",1,1,1,"111",3
"12802",1,2,2,"122",5
"16832",1,3,1,"131",5
"12383",1,4,4,"144",9
"17409",1,3,3,"133",7
"14622",1,2,2,"122",5
"16955",1,4,3,"143",8
"14625",1,4,3,"143",8
"17987",1,1,1,"111",3
"14375",1,1,1,"111",3
"17874",1,5,3,"153",9
"17026",1,2,1,"121",4
"17707",1,2,1,"121",4
"12868",1,4,4,"144",9
"14542",1,2,1,"121",4
"12891",1,3,2,"132",6
"14867",1,4,3,"143",8
"16763",1,3,3,"133",7
"13395",1,2,2,"122",5
"17124",1,2,2,"122",5
"17854",1,2,2,"122",5
"16611",1,2,1,"121",4
"16520",1,4,4,"144",9
"15386",1,1,2,"112",4
"15852",1,2,1,"121",4
"16849",1,1,1,"111",3
"14682",1,2,1,"121",4
"17708",1,2,2,"122",5
"16883",1,2,2,"122",5
"13682",1,1,1,"111",3
"14512",1,2,2,"122",5
"16963",1,2,1,"121",4
"16967",1,2,2,"122",5
"15508",1,4,4,"144",9
"16230",1,3,3,"133",7
"15405",1,2,2,"122",5
"16659",1,1,1,"111",3
"13885",1,3,3,"133",7
"16117",1,1,1,"111",3
"12601",1,4,3,"143",8
"13294",1,3,3,"133",7
"15658",1,5,4,"154",10
"17375",1,4,2,"142",7
"14453",1,2,1,"121",4
"16449",1,3,3,"133",7
"12590",1,3,5,"135",9
"15918",1,2,2,"122",5
"17578",1,2,1,"121",4
"16529",1,1,2,"112",4
"13062",1,2,2,"122",5
"14740",1,4,4,"144",9
"13475",1,4,4,"144",9
"16424",1,2,1,"121",4
"14377",1,3,3,"133",7
"17820",1,2,1,"121",4
"17472",1,3,3,"133",7
"17454",1,4,3,"143",8
"18190",1,3,2,"132",6
"13398",1,1,2,"112",4
"13070",1,1,1,"111",3
"16810",1,2,2,"122",5
"18231",1,4,4,"144",9
"16483",1,1,1,"111",3
"12790",1,2,2,"122",5
"15925",1,1,1,"111",3
"12426",1,1,3,"113",5
"17051",1,1,1,"111",3
"15897",1,2,1,"121",4
"17152",1,4,4,"144",9
"16889",1,3,4,"134",8
"16567",1,3,3,"133",7
"16034",1,3,2,"132",6
"14280",1,1,1,"111",3
"12999",1,3,2,"132",6
"16323",1,1,1,"111",3
"14828",1,3,5,"135",9
"16275",1,1,3,"113",5
"13135",1,2,5,"125",8
"13659",1,3,4,"134",8
"16838",1,3,3,"133",7
"17550",1,3,2,"132",6
"12547",1,2,1,"121",4
"16356",1,4,1,"141",6
"14816",1,2,2,"122",5
"12974",1,1,1,"111",3
"13479",1,3,2,"132",6
"17770",1,4,4,"144",9
"14009",1,3,3,"133",7
"15729",1,2,1,"121",4
"17955",1,4,3,"143",8
"16448",1,1,1,"111",3
"14985",1,2,2,"122",5
"14705",1,1,1,"111",3
"15882",1,4,3,"143",8
"15314",1,2,2,"122",5
"18202",1,3,4,"134",8
"15042",1,1,1,"111",3
"17715",1,2,2,"122",5
"14817",1,3,4,"134",8
"13223",1,2,1,"121",4
"13737",1,2,2,"122",5
"13339",1,2,3,"123",6
"15724",1,3,1,"131",5
"14195",1,3,4,"134",8
"15705",1,1,1,"111",3
"17176",1,2,2,"122",5
"13227",1,2,2,"122",5
"15292",1,1,1,"111",3
"14647",1,1,1,"111",3
"17455",1,1,1,"111",3
"16226",1,3,2,"132",6
"13151",1,3,4,"134",8
"13243",1,1,3,"113",5
"18048",1,2,1,"121",4
"13391",1,1,1,"111",3
"13762",1,3,3,"133",7
"14620",1,3,2,"132",6
"12897",1,2,1,"121",4
"17871",1,1,1,"111",3
"17245",1,1,1,"111",3
"14896",1,2,2,"122",5
"15648",1,3,3,"133",7
"12353",1,1,1,"111",3
"13887",1,2,2,"122",5
"17556",1,1,1,"111",3
"13572",1,1,4,"114",6
"12690",1,1,2,"112",4
"16116",1,3,3,"133",7
"13531",1,3,2,"132",6
"13976",1,1,2,"112",4
"18218",1,4,3,"143",8
"14000",1,3,3,"133",7
"14320",1,3,3,"133",7
"17504",1,5,5,"155",11
"14489",1,1,2,"112",4
"14888",1,1,2,"112",4
"15813",1,3,4,"134",8
"17263",1,1,1,"111",3
"14689",1,2,1,"121",4
"15333",1,2,4,"124",7
"14873",1,1,3,"113",5
"12857",1,3,4,"134",8
"12770",1,1,4,"114",6
"18133",1,3,4,"134",8
"13952",1,3,5,"135",9
"17970",1,1,3,"113",5
"13235",1,3,4,"134",8
"12976",1,1,3,"113",5
"16943",1,3,3,"133",7
"14988",1,2,2,"122",5
"13837",1,2,2,"122",5
"12625",1,3,5,"135",9
"16006",1,2,1,"121",4
"16244",1,3,4,"134",8
"14149",1,3,3,"133",7
"15732",1,2,2,"122",5
"15079",1,4,3,"143",8
"14288",1,2,2,"122",5
"14920",1,3,4,"134",8
"16297",1,4,2,"142",7
"17889",1,2,1,"121",4
"13052",1,2,2,"122",5
"16431",1,3,3,"133",7
"16306",1,5,3,"153",9
"15381",1,3,3,"133",7
"13990",1,2,2,"122",5
"15063",1,1,2,"112",4
"17597",1,1,4,"114",6
"16756",1,1,1,"111",3
"12355",1,1,2,"112",4
"14699",1,2,1,"121",4
"12888",1,4,2,"142",7
"18120",1,2,1,"121",4
"12821",1,1,1,"111",3
"14161",1,3,4,"134",8
"14353",1,1,1,"111",3
"15092",1,2,2,"122",5
"13642",1,2,2,"122",5
"13561",1,1,1,"111",3
"17548",1,3,2,"132",6
"15235",1,5,5,"155",11
"12414",1,3,3,"133",7
"18078",1,2,2,"122",5
"15552",1,1,1,"111",3
"17174",1,1,1,"111",3
"13723",1,1,1,"111",3
"15668",1,1,1,"111",3
"18227",1,2,1,"121",4
"17604",1,2,2,"122",5
"16319",1,1,2,"112",4
"14423",1,2,2,"122",5
"16990",1,1,1,"111",3
"17374",1,3,2,"132",6
"14199",1,1,1,"111",3
"16109",1,3,3,"133",7
"15147",1,3,3,"133",7
"13711",1,2,2,"122",5
"14697",1,2,1,"121",4
"14340",1,1,1,"111",3
"15759",1,3,2,"132",6
"16714",1,4,4,"144",9
"17849",1,4,3,"143",8
"16457",1,1,1,"111",3
"18239",1,4,4,"144",9
"14393",1,1,1,"111",3
"18183",1,4,3,"143",8
"13731",1,3,3,"133",7
"17646",1,4,4,"144",9
"17443",1,1,3,"113",5
"16610",1,1,1,"111",3
"17394",1,1,1,"111",3
"16227",1,2,2,"122",5
"18220",1,2,2,"122",5
"17501",1,2,2,"122",5
"16055",1,1,1,"111",3
"14304",1,3,3,"133",7
"16634",1,2,1,"121",4
"15223",1,3,4,"134",8
"17893",1,2,1,"121",4
"17991",1,2,1,"121",4
"14271",1,2,1,"121",4
"16163",1,3,4,"134",8
"15210",1,2,2,"122",5
"15143",1,2,2,"122",5
"14022",1,1,2,"112",4
"14311",1,2,2,"122",5
"13229",1,1,1,"111",3
"17187",1,1,1,"111",3
"15891",1,1,3,"113",5
"16965",1,1,1,"111",3
"16698",1,3,4,"134",8
"16823",1,1,2,"112",4
"17277",1,3,4,"134",8
"14586",1,3,2,"132",6
"16834",1,1,2,"112",4
"17670",1,1,1,"111",3
"12573",1,1,1,"111",3
"14770",1,3,3,"133",7
"12622",1,1,1,"111",3
"12506",1,1,1,"111",3
"13482",1,1,1,"111",3
"17718",1,1,1,"111",3
"12354",1,2,4,"124",7
"16587",1,1,1,"111",3
"17120",1,2,2,"122",5
"17946",1,2,1,"121",4
"14148",1,1,1,"111",3
"15655",1,3,3,"133",7
"13485",1,1,2,"112",4
"15517",1,2,2,"122",5
"15135",1,2,1,"121",4
"14242",1,2,2,"122",5
"14326",1,2,1,"121",4
"17746",1,2,1,"121",4
"14672",1,3,3,"133",7
"13101",1,2,1,"121",4
"15225",1,1,2,"112",4
"14339",1,4,2,"142",7
"17217",1,2,1,"121",4
"12585",1,4,5,"145",10
"12733",1,1,2,"112",4
"15717",1,1,1,"111",3
"12754",1,4,5,"145",10
"16947",1,1,2,"112",4
"18009",1,2,2,"122",5
"15973",1,3,3,"133",7
"16217",1,4,2,"142",7
"15749",1,4,5,"145",10
"16617",1,1,1,"111",3
"14532",1,4,3,"143",8
"17697",1,2,2,"122",5
"17990",1,3,3,"133",7
"18213",1,1,1,"111",3
"16193",1,2,2,"122",5
"13474",1,1,1,"111",3
"17582",1,1,1,"111",3
"13120",1,2,1,"121",4
"17367",1,1,1,"111",3
"12769",1,2,4,"124",7
"12639",1,1,2,"112",4
"15246",1,3,3,"133",7
"12582",1,3,3,"133",7
"12982",1,2,2,"122",5
"15212",1,2,1,"121",4
"17601",1,2,1,"121",4
"17362",1,2,2,"122",5
"15935",1,2,2,"122",5
"16957",1,2,2,"122",5
"14154",1,3,4,"134",8
"14619",1,2,2,"122",5
"17142",1,1,3,"113",5
"15139",1,2,1,"121",4
"14206",1,2,2,"122",5
"15230",1,2,2,"122",5
"13740",1,1,2,"112",4
"13221",1,3,3,"133",7
"15109",1,3,3,"133",7
"16097",1,1,1,"111",3
"15363",1,2,2,"122",5
"16697",1,2,1,"121",4
"17972",1,1,1,"111",3
"15777",1,4,4,"144",9
"13484",1,2,2,"122",5
"17278",1,1,1,"111",3
"14669",1,3,4,"134",8
"13501",1,3,4,"134",8
"16552",1,2,2,"122",5
"17574",1,1,1,"111",3
"14616",1,3,2,"132",6
"12447",1,1,2,"112",4
"18129",1,2,1,"121",4
"13508",1,2,1,"121",4
"13570",1,1,1,"111",3
"13863",1,2,2,"122",5
"17035",1,3,2,"132",6
"16623",1,1,1,"111",3
"16643",1,1,2,"112",4
"16010",1,3,2,"132",6
"15119",1,2,2,"122",5
"15775",1,2,1,"121",4
"14924",1,2,2,"122",5
"12580",1,1,2,"112",4
"14981",1,2,1,"121",4
"13712",1,1,1,"111",3
"16144",1,1,1,"111",3
"13718",1,2,2,"122",5
"14465",1,3,4,"134",8
"17140",1,1,2,"112",4
"17438",1,2,2,"122",5
"16378",1,3,2,"132",6
"14747",1,2,2,"122",5
"14964",1,1,1,"111",3
"15917",1,2,1,"121",4
"17906",1,1,1,"111",3
"14220",1,3,3,"133",7
"17492",1,1,2,"112",4
"16105",1,2,2,"122",5
"18108",1,2,2,"122",5
"16586",1,1,2,"112",4
"15442",1,1,3,"113",5
"18185",1,2,2,"122",5
"16142",1,1,3,"113",5
"17956",1,1,1,"111",3
"13059",1,1,1,"111",3
"12755",1,4,5,"145",10
"13781",1,1,1,"111",3
"13626",1,2,2,"122",5
"16162",1,1,1,"111",3
"15589",1,4,3,"143",8
"15691",1,1,1,"111",3
"17580",1,3,1,"131",5
"17701",1,1,2,"112",4
"13841",1,1,1,"111",3
"14886",1,1,2,"112",4
"17212",1,1,1,"111",3
"16619",1,2,2,"122",5
"15894",1,2,2,"122",5
"14890",1,1,1,"111",3
"13043",1,3,3,"133",7
"13060",1,2,2,"122",5
"14957",1,1,1,"111",3
"14479",1,2,2,"122",5
"15832",1,2,3,"123",6
"14256",1,3,4,"134",8
"15353",1,3,3,"133",7
"15528",1,1,1,"111",3
"15424",1,2,2,"122",5
"17775",1,1,1,"111",3
"16980",1,3,4,"134",8
"13803",1,2,2,"122",5
"13439",1,2,2,"122",5
"12792",1,1,2,"112",4
"13368",1,3,3,"133",7
"18010",1,1,1,"111",3
"16692",1,3,4,"134",8
"15083",1,1,1,"111",3
"15032",1,4,5,"145",10
"13649",1,2,2,"122",5
"16256",1,3,3,"133",7
"14476",1,1,1,"111",3
"18071",1,2,2,"122",5
"13357",1,1,3,"113",5
"13452",1,3,3,"133",7
"14536",1,1,1,"111",3
"14348",1,1,2,"112",4
"15178",1,1,1,"111",3
"16769",1,1,2,"112",4
"13341",1,2,3,"123",6
"17698",1,1,1,"111",3
"12811",1,3,3,"133",7
"16063",1,2,2,"122",5
"13512",1,2,2,"122",5
"16022",1,1,3,"113",5
"16250",1,2,2,"122",5
"17486",1,1,2,"112",4
"17507",1,3,3,"133",7
"12564",1,1,2,"112",4
"13132",1,1,1,"111",3
"13239",1,2,2,"122",5
"18191",1,1,1,"111",3
"14870",1,2,2,"122",5
"17102",1,2,1,"121",4
"12831",1,1,1,"111",3
"16135",1,1,3,"113",5
"14632",1,2,1,"121",4
"15457",1,1,1,"111",3
"16721",1,2,2,"122",5
"15437",1,1,1,"111",3
"13262",1,1,1,"111",3
"17678",1,2,2,"122",5
"17763",1,1,1,"111",3
"13934",1,2,3,"123",6
"14762",1,2,2,"122",5
"16427",1,2,1,"121",4
"18224",1,1,1,"111",3
"14693",1,1,1,"111",3
"16096",1,2,2,"122",5
"15408",1,2,2,"122",5
"12902",1,1,1,"111",3
"16402",1,2,2,"122",5
"15445",1,2,1,"121",4
"15703",1,1,1,"111",3
"17230",1,5,5,"155",11
"16716",1,3,4,"134",8
"13072",1,1,1,"111",3
"15019",1,2,2,"122",5
"14059",1,1,1,"111",3
"17060",1,1,1,"111",3
"15695",1,2,2,"122",5
"14041",1,1,1,"111",3
"14155",1,2,1,"121",4
"14066",1,1,1,"111",3
"14633",1,2,2,"122",5
"14081",1,4,3,"143",8
"14840",1,1,1,"111",3
"12514",1,2,4,"124",7
"16216",1,2,3,"123",6
"13185",1,1,1,"111",3
"16976",1,2,2,"122",5
"13216",1,2,2,"122",5
"16377",1,1,3,"113",5
"13707",1,3,3,"133",7
"12845",1,4,2,"142",7
"13093",1,5,5,"155",11
"13358",1,1,2,"112",4
"13299",1,1,1,"111",3
"13261",1,3,3,"133",7
"16152",1,1,4,"114",6
"15047",1,2,2,"122",5
"16061",1,2,1,"121",4
"17542",1,1,1,"111",3
"13716",1,1,1,"111",3
"16392",1,1,1,"111",3
"16037",1,3,3,"133",7
"13121",1,2,2,"122",5
"14350",1,2,2,"122",5
"15388",1,1,1,"111",3
"14962",1,1,1,"111",3
"15308",1,2,2,"122",5
"13708",1,2,2,"122",5
"13133",1,2,1,"121",4
"13226",1,2,1,"121",4
"14114",1,2,2,"122",5
"16766",1,3,4,"134",8
"15049",1,2,1,"121",4
"17194",1,2,1,"121",4
"16625",1,2,2,"122",5
"18086",1,2,1,"121",4
"16471",1,1,1,"111",3
"14727",1,2,2,"122",5
"14603",1,1,3,"113",5
"14165",1,2,1,"121",4
"15057",1,3,4,"134",8
"17138",1,1,2,"112",4
"13493",1,3,3,"133",7
"12881",1,2,2,"122",5
"15234",1,1,1,"111",3
"12623",1,2,2,"122",5
"16917",1,1,2,"112",4
"13345",1,2,2,"122",5
"17639",1,2,1,"121",4
"15944",1,2,2,"122",5
"14012",1,2,2,"122",5
"16598",1,2,1,"121",4
"14048",1,2,2,"122",5
"12614",1,2,2,"122",5
"15869",1,2,1,"121",4
"17654",1,2,1,"121",4
"18280",1,1,1,"111",3
"16517",1,1,1,"111",3
"15554",1,1,1,"111",3
"14247",1,1,1,"111",3
"17535",1,1,1,"111",3
"14670",1,2,2,"122",5
"13382",1,1,1,"111",3
"17325",1,2,1,"121",4
"14779",1,3,2,"132",6
"17508",1,1,2,"112",4
"14570",1,2,1,"121",4
"15087",1,2,2,"122",5
"15257",1,2,2,"122",5
"12565",1,2,1,"121",4
"13715",1,5,4,"154",10
"16159",1,2,2,"122",5
"17789",1,1,1,"111",3
"17995",1,1,1,"111",3
"12817",1,1,1,"111",3
"12873",1,1,2,"112",4
"13497",1,3,2,"132",6
"12834",1,2,2,"122",5
"13166",1,2,2,"122",5
"15733",1,1,1,"111",3
"17923",1,1,1,"111",3
"16792",1,2,1,"121",4
"16078",1,1,1,"111",3
"15709",1,1,1,"111",3
"12866",1,1,3,"113",5
"15319",1,1,1,"111",3
"15456",1,3,2,"132",6
"16339",1,2,1,"121",4
"12509",1,1,1,"111",3
"14036",1,1,3,"113",5
"14046",1,1,1,"111",3
"17165",1,1,1,"111",3
"13684",1,2,1,"121",4
"12361",1,1,1,"111",3
"13973",1,2,2,"122",5
"13753",1,1,3,"113",5
"17117",1,2,1,"121",4
"13751",1,2,2,"122",5
"18056",1,1,2,"112",4
"16072",1,1,3,"113",5
"15543",1,1,1,"111",3
"12945",1,1,2,"112",4
"16997",1,3,3,"133",7
"18068",1,2,1,"121",4
"17499",1,1,3,"113",5
"17171",1,1,1,"111",3
"15590",1,2,1,"121",4
"15397",1,2,1,"121",4
"12852",1,2,2,"122",5
"16349",1,1,1,"111",3
"16913",1,2,1,"121",4
"18114",1,1,1,"111",3
"16546",1,3,4,"134",8
"15303",1,1,3,"113",5
"12365",1,3,4,"134",8
"12707",1,1,3,"113",5
"16073",1,2,1,"121",4
"13044",1,1,3,"113",5
"12988",1,1,3,"113",5
"13932",1,2,2,"122",5
"16765",1,1,1,"111",3
"14760",1,2,1,"121",4
"18138",1,1,1,"111",3
"14371",1,2,1,"121",4
"16509",1,1,2,"112",4
"15670",1,1,1,"111",3
"16494",1,2,3,"123",6
"14386",1,1,1,"111",3
"16148",1,1,1,"111",3
"16738",1,2,1,"121",4
"13893",1,2,3,"123",6
"14176",1,4,3,"143",8
"14935",1,1,4,"114",6
"14431",1,3,3,"133",7
"15236",1,2,2,"122",5
"17829",1,2,3,"123",6
"16084",1,1,2,"112",4
"16897",1,3,2,"132",6
"15638",1,2,1,"121",4
"12943",1,2,1,"121",4
"13672",1,4,2,"142",7
"18250",1,2,2,"122",5
"12505",1,1,1,"111",3
"17334",1,3,2,"132",6
"12410",1,3,3,"133",7
"18159",1,1,3,"113",5
"13819",1,3,4,"134",8
"14497",1,3,2,"132",6
"16725",1,5,3,"153",9
"16403",1,2,1,"121",4
"16405",1,2,1,"121",4
"17850",1,5,5,"155",11
"16425",1,2,2,"122",5
"12561",1,1,1,"111",3
"13706",1,2,2,"122",5
"17843",1,1,1,"111",3
"15843",1,2,1,"121",4
"12401",1,1,1,"111",3
"15970",1,2,2,"122",5
"17358",1,2,2,"122",5
"17881",1,1,1,"111",3
"15753",1,1,1,"111",3
"17859",1,1,1,"111",3
"14600",1,1,2,"112",4
"13809",1,1,1,"111",3
"17392",1,2,2,"122",5
"13584",1,1,1,"111",3
"14438",1,1,1,"111",3
"12956",1,2,1,"121",4
"15808",1,4,5,"145",10
"17517",1,1,1,"111",3
"17291",1,1,3,"113",5
"17226",1,1,2,"112",4
"13963",1,4,3,"143",8
"15090",1,1,2,"112",4
"16030",1,2,2,"122",5
"13581",1,2,1,"121",4
"13800",1,1,3,"113",5
"14411",1,2,4,"124",7
"12350",1,2,2,"122",5
"17912",1,4,2,"142",7
"12559",1,3,3,"133",7
"14457",1,2,1,"121",4
"17223",1,2,2,"122",5
"15226",1,1,1,"111",3
"15107",1,5,2,"152",8
"14549",1,2,2,"122",5
"13494",1,2,2,"122",5
"14627",1,2,1,"121",4
"14496",1,3,3,"133",7
"17356",1,1,1,"111",3
"12373",1,1,2,"112",4
"15940",1,2,1,"121",4
"14850",1,2,2,"122",5
"17619",1,1,1,"111",3
"13600",1,1,1,"111",3
"15448",1,1,2,"112",4
"15881",1,5,3,"153",9
"17239",1,2,2,"122",5
"13615",1,2,2,"122",5
"18095",1,3,3,"133",7
"13506",1,3,2,"132",6
"13161",1,2,1,"121",4
"17431",1,1,2,"112",4
"15415",1,1,3,"113",5
"17062",1,4,3,"143",8
"12574",1,1,1,"111",3
"12377",1,3,4,"134",8
"12735",1,3,3,"133",7
"12501",1,3,5,"135",9
"16124",1,2,2,"122",5
"12764",1,1,4,"114",6
"13328",1,1,4,"114",6
"12591",1,1,2,"112",4
"15661",1,2,2,"122",5
"17118",1,1,1,"111",3
"15213",1,3,2,"132",6
"17094",1,2,2,"122",5
"15222",1,1,3,"113",5
"14248",1,2,2,"122",5
"13703",1,2,1,"121",4
"16222",1,2,3,"123",6
"13002",1,2,1,"121",4
"16757",1,2,1,"121",4
"14439",1,1,5,"115",7
"15052",1,1,1,"111",3
"14130",1,1,2,"112",4
"13551",1,1,1,"111",3
"14782",1,1,1,"111",3
"15820",1,1,1,"111",3
"14368",1,1,1,"111",3
"15167",1,1,1,"111",3
"14068",1,2,2,"122",5
"17714",1,1,1,"111",3
"17890",1,3,3,"133",7
"12652",1,3,3,"133",7
"12829",1,3,2,"132",6
"15174",1,1,1,"111",3
"16387",1,2,1,"121",4
"13284",1,2,1,"121",4
"12402",1,1,1,"111",3
"13008",1,2,2,"122",5
"15262",1,1,1,"111",3
"17862",1,2,2,"122",5
"15422",1,2,1,"121",4
"12665",1,2,1,"121",4
"14090",1,1,1,"111",3
"15171",1,3,4,"134",8
"18233",1,1,2,"112",4
"13898",1,1,1,"111",3
"12346",1,3,5,"135",9
"15395",1,2,1,"121",4
"13693",1,2,1,"121",4
"12872",1,3,3,"133",7
"13859",1,1,1,"111",3
"14238",1,1,1,"111",3
"18212",1,1,1,"111",3
"15316",1,1,1,"111",3
"12672",1,1,1,"111",3
"13385",1,1,3,"113",5
"18106",1,1,2,"112",4
"15447",1,1,1,"111",3
"16315",1,1,1,"111",3
"18085",1,3,3,"133",7
"15100",1,4,4,"144",9
"17406",1,4,5,"145",10
"15510",1,2,2,"122",5
"14270",1,1,2,"112",4
"14185",1,1,1,"111",3
"16351",1,1,1,"111",3
"13144",1,2,1,"121",4
"17569",1,2,2,"122",5
"12736",1,1,1,"111",3
"15346",1,2,2,"122",5
"16850",1,2,2,"122",5
"15326",1,2,2,"122",5
"18032",1,1,1,"111",3
"17128",1,1,1,"111",3
"12651",1,2,1,"121",4
"12793",1,3,3,"133",7
"15649",1,3,3,"133",7
"14889",1,1,1,"111",3
"12489",1,2,2,"122",5
"15607",1,2,1,"121",4
"12503",1,2,4,"124",7
"13187",1,1,1,"111",3
"15823",1,3,3,"133",7
"12386",1,2,2,"122",5
"15266",1,2,1,"121",4
"15464",1,2,4,"124",7
"16282",1,1,1,"111",3
"13922",1,1,1,"111",3
"13304",1,2,2,"122",5
"15562",1,1,1,"111",3
"12734",1,2,1,"121",4
"12515",1,1,2,"112",4
"16270",1,2,4,"124",7
"18176",1,3,3,"133",7
"18256",1,1,1,"111",3
"15460",1,1,1,"111",3
"14119",1,1,1,"111",3
"13369",1,2,2,"122",5
"15279",1,2,2,"122",5
"17343",1,1,1,"111",3
"13033",1,1,1,"111",3
"15204",1,2,2,"122",5
"15160",1,1,1,"111",3
"12551",1,1,1,"111",3
"17691",1,2,2,"122",5
"13874",1,1,3,"113",5
"17496",1,2,2,"122",5
"18269",1,2,1,"121",4
"15789",1,1,2,"112",4
"15224",1,3,2,"132",6
"14373",1,1,1,"111",3
"17551",1,2,2,"122",5
"18050",1,1,1,"111",3
"12666",1,1,1,"111",3
"13829",1,2,1,"121",4
"13295",1,2,1,"121",4
"17525",1,1,2,"112",4
"17752",1,1,1,"111",3
"16262",1,2,1,"121",4
"16499",1,4,2,"142",7
"12797",1,3,2,"132",6
"16202",1,1,2,"112",4
"18141",1,1,1,"111",3
"16812",1,1,2,"112",4
"13948",1,2,1,"121",4
"17524",1,1,1,"111",3
"17303",1,2,2,"122",5
"15361",1,1,2,"112",4
"18004",1,1,1,"111",3
"15503",1,1,1,"111",3
"14413",1,2,1,"121",4
"17251",1,2,2,"122",5
"16665",1,1,1,"111",3
"15454",1,1,1,"111",3
"16727",1,2,2,"122",5
"15723",1,1,1,"111",3
"14082",1,1,1,"111",3
"17880",1,1,2,"112",4
"16565",1,1,1,"111",3
"14932",1,1,2,"112",4
"15945",1,1,1,"111",3
"16579",1,2,1,"121",4
"16065",1,1,2,"112",4
"17307",1,1,1,"111",3
"17978",1,2,2,"122",5
"14355",1,1,1,"111",3
"12605",1,1,1,"111",3
"16795",1,1,2,"112",4
"16781",1,2,2,"122",5
"17456",1,2,2,"122",5
"12870",1,1,1,"111",3
"15347",1,1,1,"111",3
"14821",1,1,1,"111",3
"16679",1,1,1,"111",3
"13270",1,1,3,"113",5
"12441",1,1,1,"111",3
"15332",1,4,4,"144",9
"16858",1,2,2,"122",5
"16893",1,1,1,"111",3
"16252",1,2,2,"122",5
"15221",1,3,3,"133",7
"13370",1,3,3,"133",7
"15180",1,1,1,"111",3
"18119",1,1,1,"111",3
"13807",1,2,1,"121",4
"16125",1,2,2,"122",5
"13786",1,1,1,"111",3
"15899",1,1,1,"111",3
"16138",1,1,1,"111",3
"17860",1,1,1,"111",3
"16658",1,1,1,"111",3
"18113",1,1,1,"111",3
"16718",1,1,3,"113",5
"14813",1,2,1,"121",4
"15880",1,2,2,"122",5
"14589",1,1,1,"111",3
"12686",1,1,1,"111",3
"12725",1,1,2,"112",4
"14679",1,1,1,"111",3
"17967",1,2,1,"121",4
"14213",1,2,4,"124",7
"16926",1,1,1,"111",3
"17976",1,2,2,"122",5
"17732",1,2,2,"122",5
"17925",1,1,1,"111",3
"13108",1,2,2,"122",5
"12855",1,1,1,"111",3
"15922",1,2,2,"122",5
"13011",1,1,1,"111",3
"16510",1,2,2,"122",5
"16754",1,1,4,"114",6
"13958",1,2,1,"121",4
"15070",1,2,1,"121",4
"14576",1,1,1,"111",3
"12738",1,1,1,"111",3
"16995",1,1,1,"111",3
"16752",1,1,1,"111",3
"15923",1,1,1,"111",3
"17855",1,1,1,"111",3
"17547",1,1,1,"111",3
"13747",1,1,1,"111",3
"16274",1,2,2,"122",5
"14142",1,2,2,"122",5
"17908",1,1,1,"111",3
"16583",1,1,1,"111",3
"17643",1,2,1,"121",4
"18074",1,1,2,"112",4
"17968",1,2,2,"122",5
"14729",1,2,2,"122",5
"15165",1,1,2,"112",4
"14237",1,1,1,"111",3
"15350",1,2,1,"121",4
"12791",1,1,1,"111",3
"18011",1,2,1,"121",4
"13065",1,1,1,"111",3
