"customer_id","customer_lifetime_value"
"16446","336942.10"
"14646","280923.02"
"18102","262876.11"
"17450","200593.95"
"14911","154963.61"
"12346","154367.20"
"12415","126103.61"
"14156","121203.77"
"16029","108335.71"
"17511","93999.38"
"15098","79183.50"
"14096","73169.11"
"15749","67532.70"
"16684","67415.04"
"13694","67388.70"
"17949","64270.12"
"15311","61981.31"
"15769","60681.72"
"13089","60202.03"
"15061","54839.54"
"14298","52192.16"
"12931","50649.11"
"14088","50568.13"
"17841","41167.73"
"16013","40894.95"
"13798","37954.83"
"12748","37666.37"
"16422","35450.80"
"15838","33935.40"
"17404","33512.82"
"17389","32367.28"
"14680","30575.88"
"13098","29106.00"
"13408","28716.22"
"13081","28710.28"
"17857","26994.74"
"16333","26626.80"
"13777","26203.87"
"12744","23002.29"
"12753","21834.77"
"14607","21437.90"
"16210","21086.30"
"12536","21058.20"
"12471","20871.78"
"17675","20650.46"
"17381","20278.79"
"14031","19939.08"
"15039","19894.59"
"12901","19015.98"
"12731","18998.41"
"15159","18708.34"
"16839","17830.92"
"12678","17668.66"
"13767","17495.01"
"17428","17435.25"
"13881","17329.52"
"12921","16784.44"
"15189","16648.64"
"17677","16489.39"
"15856","16352.26"
"14051","15743.44"
"15482","15366.00"
"15513","14996.36"
"16133","14872.42"
"15502","14811.72"
"14866","14582.35"
"15498","14203.92"
"16525","14159.33"
"16705","14123.85"
"13113","13976.97"
"12681","13897.49"
"12621","13767.27"
"12540","13491.44"
"12433","13375.87"
"12477","13322.47"
"17735","13110.02"
"13078","12823.60"
"17340","12815.40"
"14258","12689.88"
"14606","12518.95"
"15640","12495.12"
"16000","12393.70"
"12682","12279.82"
"12557","11990.96"
"15125","11939.91"
"12939","11581.80"
"14194","11482.29"
"12757","11464.05"
"12971","11449.56"
"17581","11334.17"
"14895","11257.16"
"17107","11232.48"
"12409","11088.41"
"13319","11026.76"
"17706","10911.61"
"17865","10894.10"
"16779","10787.39"
"13340","10736.48"
"17139","10733.67"
"15251","10642.87"
"14062","10464.85"
"14769","10450.13"
"15615","10439.44"
"16180","10290.88"
"16843","10209.32"
"12709","10148.94"
"12590","9867.14"
"15078","9862.87"
"13199","9830.28"
"13001","9806.87"
"13458","9755.22"
"14733","9720.28"
"12567","9687.62"
"16523","9541.27"
"14367","9321.52"
"14527","9270.14"
"14667","9185.04"
"12451","9137.52"
"13090","9132.25"
"13969","9091.42"
"18092","9070.76"
"13488","9026.01"
"16033","8867.61"
"17017","8814.41"
"12683","8732.05"
"16656","8683.36"
"17306","8661.89"
"17243","8588.35"
"18139","8474.82"
"15358","8458.75"
"16558","8419.94"
"14952","8286.19"
"14056","8242.96"
"13854","8194.02"
"16672","8176.29"
"14796","8158.47"
"14936","8156.62"
"18109","8132.57"
"15290","8082.67"
"12428","8035.72"
"14849","7956.80"
"13093","7923.47"
"17811","7921.84"
"12435","7829.89"
"13629","7792.36"
"15465","7764.22"
"15194","7711.89"
"15044","7705.58"
"12980","7657.74"
"16923","7649.86"
"18172","7633.19"
"12474","7583.41"
"13263","7436.53"
"12583","7375.42"
"16729","7368.97"
"17396","7330.80"
"12539","7284.20"
"13018","7282.65"
"18229","7276.90"
"16745","7204.30"
"16873","7180.93"
"13324","7171.10"
"14961","7082.78"
"13985","7080.73"
"12476","7079.24"
"12454","7056.68"
"12989","6993.71"
"16713","6993.68"
"12766","6989.63"
"16187","6981.64"
"12798","6977.04"
"17416","6948.50"
"12705","6922.34"
"12472","6914.74"
"13027","6912.0"
"16652","6893.68"
"12830","6880.88"
"12626","6852.61"
"13225","6844.64"
"15601","6807.76"
"18055","6793.39"
"15023","6760.01"
"16532","6748.80"
"13576","6731.38"
"15249","6719.56"
"16746","6683.46"
"16353","6675.71"
"18223","6653.85"
"15144","6630.84"
"16182","6617.65"
"15694","6535.20"
"17338","6525.29"
"13102","6511.89"
"12431","6491.01"
"13668","6457.35"
"12359","6437.08"
"15005","6430.20"
"16814","6425.20"
"13871","6416.70"
"13418","6409.42"
"13709","6386.59"
"17315","6367.59"
"14735","6323.69"
"16126","6287.77"
"14057","6282.22"
"12357","6207.67"
"17809","6196.20"
"14060","6145.46"
"17940","6142.90"
"15939","6127.76"
"13534","6127.08"
"13097","6120.32"
"14688","6102.59"
"17509","6098.04"
"12637","6071.55"
"13050","5989.11"
"15382","5983.56"
"14101","5976.79"
"13209","5963.06"
"14944","5957.55"
"14505","5946.37"
"14415","5944.29"
"13316","5895.17"
"12720","5850.18"
"15298","5825.70"
"17716","5806.19"
"16553","5775.07"
"18198","5768.06"
"15218","5756.89"
"16161","5756.26"
"13468","5753.19"
"17686","5739.46"
"13178","5725.47"
"17049","5720.23"
"13004","5698.39"
"14110","5696.65"
"18118","5683.13"
"18225","5653.06"
"16701","5646.33"
"14049","5621.29"
"17757","5609.99"
"12839","5599.22"
"12481","5585.28"
"16767","5575.56"
"15805","5564.49"
"16609","5535.96"
"17850","5478.24"
"16265","5470.85"
"16985","5466.62"
"15032","5454.10"
"16191","5447.72"
"14146","5432.43"
"17719","5424.28"
"12755","5420.70"
"12490","5417.93"
"16303","5415.43"
"13269","5373.59"
"17061","5348.33"
"14562","5336.92"
"13941","5313.51"
"17730","5308.13"
"15150","5301.83"
"12362","5297.88"
"13802","5292.57"
"13599","5272.99"
"18226","5264.00"
"15046","5240.18"
"13680","5239.23"
"13756","5233.92"
"15299","5226.93"
"16258","5203.51"
"15727","5159.06"
"13069","5149.74"
"17858","5140.66"
"15514","5139.99"
"15903","5127.18"
"16700","5113.10"
"17602","5106.62"
"15301","5092.18"
"14299","5075.89"
"13139","5074.09"
"14329","5061.34"
"12432","5059.32"
"14755","5055.18"
"17426","5052.26"
"14426","5044.44"
"15719","5031.72"
"15786","5017.00"
"12700","5011.99"
"12437","5006.16"
"17652","4998.31"
"12444","4985.56"
"14709","4930.94"
"14292","4924.53"
"15547","4910.60"
"12664","4899.88"
"17133","4892.24"
"15187","4884.28"
"12688","4873.81"
"14180","4856.27"
"15555","4841.83"
"15738","4836.07"
"13013","4834.89"
"15152","4807.14"
"15093","4783.90"
"12955","4780.06"
"14534","4769.00"
"17365","4767.36"
"16722","4750.41"
"15291","4740.09"
"17690","4736.30"
"14191","4709.51"
"12714","4708.86"
"14189","4703.85"
"14390","4702.92"
"14135","4690.31"
"14286","4661.69"
"17567","4650.40"
"14159","4645.06"
"13267","4638.54"
"17613","4594.33"
"14004","4582.64"
"17975","4578.46"
"12484","4573.77"
"17068","4572.94"
"15804","4564.23"
"16931","4554.87"
"12712","4550.63"
"16984","4548.45"
"13505","4504.38"
"17364","4488.13"
"12524","4485.72"
"15874","4481.09"
"12627","4478.53"
"14277","4447.20"
"16626","4446.55"
"15955","4442.71"
"14800","4435.19"
"14085","4434.04"
"16717","4423.10"
"12752","4366.78"
"14016","4353.96"
"16945","4345.50"
"18087","4341.32"
"14145","4336.20"
"14525","4326.73"
"18251","4314.72"
"12749","4313.56"
"12347","4310.00"
"12500","4309.37"
"15034","4305.11"
"17937","4301.22"
"17448","4287.63"
"14543","4277.59"
"14422","4263.64"
"17419","4252.17"
"17377","4233.32"
"15570","4204.37"
"15971","4199.85"
"13988","4197.12"
"12747","4196.01"
"15622","4194.59"
"12949","4191.42"
"12569","4184.39"
"13384","4181.58"
"13523","4174.38"
"16670","4169.34"
"16592","4154.08"
"12841","4137.53"
"16401","4135.40"
"16019","4122.24"
"12656","4119.62"
"18041","4119.62"
"17920","4119.50"
"13555","4098.88"
"12779","4094.02"
"14092","4090.72"
"12619","4067.67"
"12449","4067.29"
"14401","4062.98"
"12867","4059.94"
"12957","4056.04"
"13148","4041.90"
"13815","4039.81"
"16549","4034.90"
"16186","4021.94"
"12727","4013.70"
"12378","4008.62"
"17651","4003.33"
"12473","4000.61"
"17611","3997.47"
"14547","3995.55"
"17769","3994.78"
"15416","3994.27"
"15529","3990.05"
"17001","3989.57"
"13183","3957.78"
"13266","3950.85"
"13552","3940.61"
"17593","3939.64"
"12597","3939.31"
"13999","3938.36"
"14739","3905.46"
"14291","3893.20"
"12662","3882.48"
"12669","3880.33"
"18073","3872.90"
"12668","3871.12"
"15195","3861.00"
"16145","3857.00"
"16570","3853.85"
"17091","3852.71"
"13435","3825.29"
"15867","3824.99"
"16327","3820.27"
"17230","3810.15"
"16168","3804.60"
"16655","3789.52"
"12562","3781.74"
"17173","3777.55"
"12647","3775.72"
"15379","3774.69"
"15845","3772.67"
"13520","3760.95"
"13124","3756.33"
"12429","3750.40"
"17819","3748.67"
"16240","3743.79"
"15296","3735.41"
"12553","3732.31"
"13426","3731.94"
"17576","3729.73"
"15505","3724.78"
"12502","3723.87"
"12417","3719.40"
"17238","3719.10"
"14364","3717.35"
"17528","3716.90"
"16253","3702.10"
"14282","3701.44"
"15113","3679.35"
"15581","3675.77"
"15808","3661.47"
"16607","3656.75"
"16904","3653.75"
"13381","3651.81"
"13137","3648.62"
"16440","3640.67"
"13327","3637.97"
"14040","3633.05"
"13082","3631.78"
"15484","3621.61"
"18079","3613.15"
"16712","3611.31"
"13448","3608.39"
"14132","3591.93"
"16242","3584.81"
"17491","3575.82"
"13014","3567.13"
"17203","3560.08"
"16360","3551.25"
"15544","3550.91"
"15676","3547.43"
"16938","3544.93"
"12406","3544.85"
"14503","3543.26"
"12370","3541.94"
"14907","3523.35"
"13993","3523.06"
"17160","3518.03"
"14395","3515.71"
"13953","3515.68"
"17725","3507.03"
"16131","3506.54"
"13334","3502.32"
"16458","3482.74"
"12613","3469.78"
"15974","3454.75"
"15410","3450.84"
"15129","3447.40"
"13536","3444.39"
"14221","3437.75"
"15521","3425.75"
"15632","3423.31"
"13198","3418.39"
"15606","3417.68"
"15981","3408.48"
"17758","3408.20"
"13437","3408.06"
"17183","3407.71"
"17669","3406.72"
"15228","3396.46"
"13047","3395.98"
"14227","3386.21"
"13842","3385.62"
"16818","3381.17"
"12594","3356.22"
"16011","3352.96"
"12643","3344.64"
"13015","3339.64"
"14175","3336.54"
"15764","3314.47"
"16556","3313.79"
"13373","3312.25"
"15861","3311.92"
"15365","3298.19"
"14841","3295.76"
"14702","3293.29"
"14808","3284.40"
"12480","3281.63"
"17723","3276.40"
"15708","3269.77"
"13952","3256.051"
"14388","3253.64"
"17672","3249.72"
"17504","3248.78"
"15443","3238.34"
"17728","3236.34"
"13268","3221.80"
"13880","3219.77"
"12456","3208.19"
"16678","3206.15"
"16107","3204.16"
"14235","3195.86"
"14842","3192.58"
"13868","3192.54"
"13758","3190.55"
"14844","3189.81"
"16156","3189.46"
"17220","3187.55"
"17050","3185.64"
"15065","3180.28"
"16837","3174.23"
"17838","3174.20"
"17231","3171.22"
"16041","3166.40"
"17863","3160.00"
"12607","3159.02"
"17685","3155.83"
"15674","3149.18"
"16393","3146.12"
"13742","3136.47"
"14565","3124.47"
"16316","3122.26"
"13685","3119.44"
"13631","3119.07"
"14099","3115.37"
"16218","3114.49"
"14257","3112.17"
"15491","3109.33"
"13135","3096.00"
"13362","3095.99"
"18272","3092.38"
"15998","3086.02"
"13869","3083.65"
"12352","3081.32"
"17059","3080.39"
"12910","3075.04"
"12754","3072.36"
"17799","3069.02"
"16326","3064.22"
"14112","3056.13"
"16905","3054.55"
"16940","3049.88"
"17659","3044.17"
"12598","3043.48"
"12395","3038.98"
"14456","3032.05"
"17924","3030.67"
"16709","3029.87"
"17644","3022.30"
"14032","3021.34"
"18094","3017.30"
"14639","3016.64"
"12670","3005.95"
"15687","3004.70"
"13735","3002.60"
"14307","2995.72"
"16686","2979.23"
"15854","2969.12"
"12916","2968.75"
"14868","2967.54"
"16497","2965.69"
"13451","2957.96"
"17444","2940.04"
"12408","2934.53"
"17512","2929.94"
"12906","2919.81"
"12438","2906.85"
"18230","2903.80"
"18144","2888.75"
"16633","2888.05"
"14776","2881.02"
"16928","2880.80"
"14251","2879.70"
"14535","2877.94"
"15628","2874.84"
"14005","2874.72"
"14711","2870.22"
"13901","2867.20"
"16871","2863.19"
"12685","2863.08"
"14530","2862.11"
"18145","2861.55"
"14903","2861.48"
"13658","2856.87"
"12783","2847.95"
"14852","2836.69"
"12578","2835.66"
"14572","2833.69"
"15321","2833.14"
"16764","2831.95"
"13564","2825.95"
"14626","2825.47"
"17213","2821.38"
"13769","2821.15"
"14121","2820.00"
"15993","2818.42"
"13971","2814.30"
"12356","2811.43"
"13883","2810.21"
"12708","2809.50"
"17596","2806.69"
"15696","2803.11"
"15984","2801.33"
"16081","2799.42"
"13230","2799.19"
"17739","2796.65"
"12758","2791.59"
"13870","2790.63"
"12584","2782.35"
"12388","2780.66"
"17069","2764.18"
"15114","2760.56"
"15796","2753.56"
"12625","2753.32"
"14854","2749.97"
"17084","2747.99"
"12457","2747.48"
"13174","2742.82"
"12840","2739.27"
"16003","2735.37"
"12380","2729.06"
"13394","2727.24"
"15673","2726.23"
"14125","2720.63"
"14732","2718.64"
"15356","2718.03"
"14107","2717.98"
"13285","2709.12"
"13654","2707.33"
"17655","2706.14"
"17346","2687.86"
"17386","2686.42"
"12520","2686.01"
"18075","2684.78"
"12721","2683.28"
"15671","2678.77"
"17317","2676.66"
"18260","2676.55"
"17188","2672.88"
"13136","2669.84"
"14397","2669.24"
"18097","2667.35"
"14546","2665.00"
"16618","2664.54"
"14713","2664.30"
"12360","2662.06"
"14439","2661.24"
"13851","2651.46"
"13422","2651.05"
"13644","2651.00"
"13021","2648.36"
"12483","2642.83"
"14243","2641.66"
"13771","2637.20"
"15782","2635.54"
"15752","2635.05"
"17402","2633.85"
"16255","2630.52"
"18245","2626.56"
"18210","2621.38"
"15373","2618.71"
"14262","2618.23"
"12600","2617.04"
"13983","2616.40"
"12836","2610.36"
"12726","2609.10"
"14659","2603.33"
"16912","2602.29"
"17965","2599.19"
"14408","2599.03"
"13895","2598.02"
"16919","2592.25"
"16241","2590.31"
"14701","2589.24"
"13804","2588.39"
"18077","2584.41"
"13911","2580.91"
"15033","2572.83"
"14334","2564.96"
"15485","2564.50"
"17700","2560.39"
"16308","2560.00"
"14676","2553.24"
"14502","2549.48"
"17314","2541.08"
"17449","2535.21"
"15572","2533.42"
"15932","2529.89"
"14766","2523.67"
"12517","2519.55"
"15245","2515.84"
"15271","2514.59"
"13588","2512.78"
"13344","2511.69"
"15527","2509.49"
"14315","2505.28"
"13695","2504.13"
"13471","2501.84"
"16477","2494.46"
"17682","2489.33"
"13975","2484.29"
"12913","2483.63"
"13507","2479.16"
"15750","2477.30"
"17071","2472.58"
"17164","2468.30"
"16710","2467.99"
"17722","2467.44"
"12455","2466.86"
"17131","2463.17"
"13784","2462.79"
"12704","2460.84"
"15270","2460.78"
"17406","2456.12"
"14163","2445.91"
"14239","2438.20"
"16143","2430.04"
"13949","2427.32"
"15281","2424.35"
"17997","2421.83"
"15089","2420.84"
"17434","2414.22"
"14665","2413.02"
"12397","2409.90"
"18257","2409.88"
"15755","2409.62"
"13317","2407.29"
"18065","2405.58"
"15370","2404.35"
"17589","2404.17"
"14493","2403.64"
"17368","2402.02"
"15980","2398.86"
"13908","2392.05"
"13141","2391.70"
"12782","2388.52"
"16057","2386.02"
"14309","2385.38"
"13115","2383.93"
"13722","2381.66"
"15834","2374.00"
"17696","2370.37"
"17313","2369.55"
"17530","2363.79"
"14930","2362.96"
"14030","2358.84"
"17634","2358.59"
"15140","2358.50"
"14440","2357.68"
"15785","2354.19"
"17744","2353.72"
"17954","2351.48"
"16801","2346.13"
"18259","2338.60"
"17211","2334.77"
"16550","2331.69"
"14290","2321.85"
"13704","2320.81"
"15288","2306.52"
"16782","2305.60"
"14113","2302.92"
"14560","2301.36"
"15105","2298.93"
"16076","2295.93"
"15704","2293.62"
"12615","2291.19"
"17442","2286.86"
"12684","2283.63"
"14554","2279.49"
"16735","2278.76"
"13994","2274.14"
"14211","2273.90"
"14466","2272.40"
"13527","2266.11"
"15811","2265.92"
"16209","2262.62"
"16293","2261.24"
"13365","2259.52"
"16743","2259.38"
"17490","2257.76"
"15722","2252.56"
"12501","2249.10"
"13700","2248.63"
"14432","2248.50"
"15235","2247.51"
"14226","2245.34"
"16771","2242.61"
"18242","2232.49"
"13862","2231.41"
"12909","2228.51"
"15179","2227.70"
"15665","2222.21"
"14825","2221.01"
"12876","2218.02"
"17591","2214.62"
"14409","2210.65"
"12653","2209.85"
"15797","2207.40"
"14407","2204.38"
"16150","2199.97"
"15123","2199.31"
"13831","2198.45"
"14700","2195.10"
"16628","2193.06"
"14640","2190.31"
"12856","2188.03"
"12633","2187.33"
"15394","2183.54"
"16379","2182.90"
"14341","2182.30"
"16875","2167.59"
"12560","2166.63"
"12935","2164.95"
"16966","2161.47"
"13224","2161.05"
"16456","2158.18"
"17272","2152.73"
"13725","2151.31"
"13517","2147.77"
"13094","2145.78"
"13126","2142.99"
"12610","2141.09"
"14828","2139.76"
"17861","2139.48"
"12657","2134.30"
"18093","2129.62"
"12967","2127.05"
"13632","2123.18"
"18219","2119.77"
"18061","2119.41"
"14360","2118.03"
"18008","2116.19"
"13755","2114.73"
"14691","2114.33"
"18173","2106.84"
"17422","2105.61"
"17612","2104.14"
"14306","2103.22"
"14461","2103.06"
"15864","2102.86"
"15058","2102.54"
"15815","2100.60"
"13495","2099.62"
"13810","2098.51"
"17400","2097.84"
"12585","2097.39"
"17191","2093.68"
"13265","2092.66"
"18044","2091.55"
"13297","2089.85"
"14188","2089.81"
"13571","2088.94"
"18231","2088.87"
"18241","2088.09"
"14696","2086.93"
"14533","2086.82"
"14810","2085.33"
"16954","2085.08"
"14217","2084.60"
"17768","2081.90"
"14209","2079.73"
"16407","2079.68"
"15473","2077.20"
"14515","2076.89"
"12948","2076.20"
"13630","2067.88"
"17337","2064.61"
"12928","2062.70"
"16281","2062.06"
"13593","2058.68"
"12518","2056.89"
"14001","2055.83"
"17667","2055.51"
"14232","2052.21"
"17086","2050.08"
"15814","2047.93"
"18283","2045.53"
"17597","2044.37"
"13450","2043.72"
"16359","2041.47"
"17828","2040.21"
"17846","2033.1"
"15351","2032.63"
"12853","2032.50"
"15827","2030.70"
"16358","2030.05"
"13246","2024.72"
"18069","2024.09"
"16409","2022.98"
"14482","2022.81"
"15341","2020.52"
"17625","2020.40"
"12674","2018.94"
"14462","2018.69"
"15372","2007.40"
"16098","2005.63"
"14544","2004.30"
"17082","2003.85"
"18188","2003.59"
"15157","2002.64"
"16754","2002.40"
"13305","2000.86"
"16698","1998.00"
"13012","1997.06"
"13924","1995.62"
"17679","1992.11"
"17088","1991.01"
"18204","1989.75"
"15493","1987.96"
"13590","1987.72"
"17827","1987.33"
"16341","1984.36"
"13791","1984.32"
"17090","1976.75"
"15531","1972.39"
"16841","1965.02"
"17790","1964.30"
"13235","1960.97"
"14506","1960.65"
"14498","1957.32"
"17603","1954.74"
"17554","1952.45"
"15518","1952.11"
"17218","1951.97"
"12528","1944.68"
"17873","1943.76"
"14418","1937.25"
"14655","1934.31"
"16942","1931.47"
"17702","1929.02"
"14653","1926.65"
"14978","1921.37"
"16983","1916.92"
"15021","1914.31"
"14305","1914.16"
"14210","1910.79"
"14285","1910.01"
"13890","1906.76"
"17228","1906.09"
"15681","1905.96"
"15819","1905.45"
"16201","1905.42"
"14250","1904.05"
"17469","1898.88"
"12762","1898.52"
"14730","1897.57"
"16979","1894.95"
"17738","1894.75"
"14934","1893.04"
"17463","1890.91"
"16170","1889.68"
"12371","1887.96"
"15367","1887.49"
"15641","1887.20"
"12381","1886.66"
"13982","1882.51"
"14441","1880.64"
"16128","1880.22"
"17152","1875.50"
"16986","1873.20"
"12963","1872.23"
"17870","1870.84"
"16474","1870.68"
"12423","1869.51"
"17705","1865.92"
"16426","1863.76"
"13650","1863.34"
"14887","1862.00"
"12383","1861.81"
"17671","1861.34"
"17293","1854.06"
"14472","1852.67"
"13048","1849.41"
"17519","1848.97"
"13134","1846.53"
"17629","1844.12"
"14524","1843.83"
"18180","1843.75"
"12950","1843.00"
"16102","1842.14"
"16455","1841.18"
"15260","1840.77"
"14216","1839.30"
"17015","1838.61"
"14459","1837.92"
"13421","1835.81"
"18287","1834.88"
"12523","1833.97"
"13481","1832.31"
"16152","1829.04"
"15203","1827.80"
"16153","1824.23"
"16169","1822.97"
"17663","1817.55"
"17787","1817.54"
"14621","1810.96"
"17648","1805.45"
"15950","1804.96"
"14215","1801.52"
"15812","1801.14"
"12947","1800.69"
"16249","1800.07"
"13562","1799.33"
"15220","1799.00"
"13510","1797.96"
"13196","1797.78"
"18235","1796.48"
"13456","1795.62"
"12645","1794.98"
"17451","1793.85"
"18179","1793.17"
"18122","1793.06"
"15050","1792.61"
"13875","1786.79"
"16719","1786.72"
"14608","1785.15"
"12348","1784.76"
"14935","1784.71"
"16398","1780.45"
"17204","1776.21"
"15594","1776.03"
"15241","1774.29"
"17092","1774.03"
"16681","1770.34"
"16817","1762.55"
"12424","1760.96"
"13157","1760.87"
"12823","1759.50"
"12349","1757.55"
"16751","1754.72"
"17813","1754.35"
"14267","1753.39"
"17147","1749.54"
"13808","1747.66"
"15067","1744.76"
"16380","1743.15"
"14834","1742.25"
"14595","1740.60"
"17930","1740.48"
"13763","1740.46"
"17353","1740.00"
"17457","1737.70"
"14673","1736.40"
"17043","1735.18"
"17867","1732.22"
"13162","1731.59"
"14387","1727.60"
"15240","1727.57"
"16660","1724.85"
"17193","1724.14"
"12843","1723.76"
"17162","1723.71"
"13184","1721.45"
"16791","1721.28"
"15549","1718.96"
"15267","1717.36"
"13577","1716.90"
"17750","1710.45"
"12405","1710.39"
"14245","1709.42"
"15947","1708.24"
"12407","1708.12"
"16902","1706.88"
"12530","1700.93"
"13824","1698.94"
"16394","1698.62"
"15380","1698.16"
"17754","1696.99"
"12764","1693.88"
"16007","1693.81"
"16671","1692.27"
"16775","1691.51"
"14573","1689.52"
"12635","1689.18"
"17282","1685.46"
"17526","1685.10"
"16638","1684.97"
"15953","1682.13"
"13149","1676.06"
"17656","1674.69"
"16546","1670.23"
"12912","1662.30"
"15214","1661.44"
"15332","1661.06"
"16115","1660.88"
"14045","1659.75"
"15826","1659.26"
"17284","1658.38"
"14837","1657.80"
"13647","1656.02"
"15122","1655.43"
"13627","1652.92"
"16813","1652.18"
"16711","1651.03"
"15660","1649.71"
"13750","1647.26"
"14229","1643.80"
"15002","1641.76"
"15810","1638.53"
"16496","1636.82"
"15024","1636.43"
"12398","1635.66"
"14442","1635.02"
"14164","1631.77"
"15532","1628.58"
"12377","1628.12"
"16992","1626.76"
"14937","1626.13"
"14759","1625.97"
"16676","1625.52"
"18161","1624.59"
"13425","1624.21"
"16515","1624.14"
"15172","1624.05"
"17101","1621.73"
"15791","1620.94"
"16987","1616.80"
"14410","1615.29"
"14336","1614.91"
"15611","1614.51"
"15906","1613.59"
"13186","1612.09"
"14312","1611.59"
"14918","1610.15"
"16283","1610.11"
"18178","1608.21"
"12868","1607.06"
"13850","1604.15"
"17731","1602.02"
"17673","1601.87"
"14178","1600.26"
"13814","1596.12"
"16466","1595.96"
"16332","1592.80"
"15369","1592.49"
"14970","1592.06"
"14719","1591.79"
"13320","1589.20"
"12865","1588.39"
"16900","1586.53"
"13614","1585.46"
"13659","1585.35"
"14587","1583.19"
"12393","1582.60"
"15620","1581.96"
"16889","1578.67"
"14557","1576.76"
"17837","1574.08"
"17085","1574.00"
"16790","1571.12"
"14071","1568.98"
"15111","1567.48"
"14038","1566.28"
"12818","1566.28"
"15625","1563.96"
"18239","1561.61"
"17095","1560.12"
"16571","1558.16"
"15392","1555.33"
"13313","1555.32"
"15117","1553.43"
"14931","1550.68"
"13397","1549.08"
"13634","1547.36"
"15201","1545.24"
"15171","1544.50"
"16369","1544.09"
"17159","1543.03"
"16365","1540.42"
"15916","1539.71"
"13107","1539.17"
"13849","1537.95"
"14567","1536.26"
"12877","1535.77"
"12759","1531.44"
"14321","1530.75"
"15701","1529.00"
"14403","1525.31"
"13110","1524.47"
"16244","1522.75"
"13213","1522.73"
"15128","1522.46"
"16066","1521.04"
"14748","1519.71"
"13764","1519.42"
"16748","1515.90"
"16279","1515.68"
"15602","1512.11"
"16053","1511.95"
"16434","1511.80"
"13692","1509.77"
"16910","1508.96"
"14414","1508.83"
"15265","1506.12"
"12937","1504.27"
"15197","1502.78"
"17063","1500.69"
"14064","1499.76"
"17002","1499.68"
"15530","1497.31"
"14704","1493.96"
"16880","1491.43"
"16016","1490.96"
"15057","1489.50"
"14404","1488.92"
"16755","1487.63"
"17553","1487.60"
"13159","1487.45"
"16996","1486.46"
"14758","1484.06"
"16716","1482.60"
"16395","1482.06"
"14875","1481.92"
"12826","1481.32"
"15563","1481.19"
"14233","1477.93"
"18016","1477.66"
"14878","1476.09"
"16245","1474.96"
"15073","1474.39"
"14246","1474.06"
"14740","1473.21"
"14963","1472.34"
"15596","1469.84"
"17590","1468.02"
"13477","1467.63"
"15983","1465.12"
"12882","1463.04"
"16463","1461.10"
"13717","1457.76"
"13309","1456.79"
"17175","1456.44"
"14541","1453.35"
"16059","1453.16"
"17073","1446.09"
"13461","1445.00"
"14019","1444.26"
"16503","1442.43"
"17856","1442.27"
"14443","1439.52"
"15106","1437.31"
"15987","1432.77"
"14566","1432.00"
"13475","1431.78"
"15427","1430.54"
"16173","1430.07"
"16103","1429.64"
"14035","1428.02"
"14901","1427.59"
"15858","1427.57"
"15621","1427.29"
"17571","1425.67"
"17621","1423.70"
"15426","1421.56"
"12775","1420.84"
"17288","1417.63"
"16348","1415.65"
"16012","1415.29"
"18167","1414.21"
"15237","1412.32"
"16949","1411.27"
"15444","1411.21"
"16271","1410.59"
"17633","1407.34"
"17083","1405.78"
"12886","1405.71"
"13995","1403.89"
"13308","1403.41"
"18116","1403.11"
"14649","1402.59"
"16389","1401.87"
"14741","1400.34"
"15478","1399.92"
"18202","1396.99"
"13396","1396.69"
"17354","1393.06"
"12952","1392.74"
"13414","1390.50"
"13516","1389.41"
"16539","1388.81"
"15898","1388.03"
"15134","1387.99"
"12463","1385.93"
"17311","1384.85"
"13476","1384.17"
"15051","1383.36"
"13572","1383.05"
"14507","1382.88"
"14116","1382.74"
"13813","1380.31"
"16714","1379.06"
"15095","1376.50"
"15569","1375.71"
"17676","1375.59"
"16493","1373.60"
"14434","1372.80"
"15453","1371.77"
"13501","1370.17"
"12919","1368.94"
"18177","1368.12"
"14794","1367.71"
"14897","1366.38"
"14511","1362.21"
"15411","1361.43"
"17054","1358.83"
"16726","1358.74"
"14859","1355.44"
"15802","1354.26"
"13984","1352.99"
"16669","1352.88"
"12494","1352.85"
"15116","1352.75"
"16079","1352.00"
"12854","1351.60"
"12507","1351.56"
"12770","1351.45"
"15398","1351.43"
"15059","1349.62"
"12646","1346.97"
"16639","1345.64"
"14154","1345.62"
"14898","1344.51"
"13743","1343.05"
"16317","1341.65"
"16045","1340.70"
"15146","1340.66"
"15734","1339.45"
"12620","1339.41"
"14738","1338.96"
"17372","1337.18"
"16101","1335.44"
"15680","1333.68"
"17932","1331.57"
"12676","1331.39"
"16295","1328.55"
"13232","1328.35"
"14047","1327.21"
"14297","1326.60"
"12576","1324.68"
"16120","1324.14"
"16110","1320.95"
"14591","1320.21"
"17802","1318.24"
"16083","1317.62"
"12526","1316.66"
"14921","1316.07"
"14973","1314.45"
"16040","1313.55"
"12364","1313.10"
"17004","1312.14"
"12516","1312.06"
"14477","1311.39"
"17350","1311.20"
"15108","1308.75"
"13168","1308.64"
"13328","1308.48"
"17919","1304.04"
"15813","1303.91"
"16370","1301.91"
"16464","1298.66"
"12488","1298.66"
"12372","1298.04"
"17961","1296.44"
"16929","1295.39"
"16224","1295.30"
"16951","1292.75"
"16744","1291.91"
"15136","1290.95"
"14856","1290.53"
"17037","1281.42"
"13538","1280.85"
"15494","1280.58"
"16692","1276.00"
"14745","1273.36"
"14916","1273.12"
"12394","1272.48"
"14105","1272.13"
"16163","1271.60"
"13878","1271.57"
"16899","1271.06"
"12630","1270.88"
"13118","1270.62"
"13492","1269.84"
"13431","1269.10"
"15199","1268.70"
"16842","1267.94"
"17158","1266.97"
"13989","1266.08"
"13151","1265.37"
"15497","1264.70"
"12985","1263.14"
"17481","1261.84"
"16688","1260.86"
"17388","1259.56"
"15009","1259.43"
"14669","1259.24"
"16653","1258.40"
"17019","1258.08"
"17412","1258.06"
"17584","1257.30"
"12997","1255.84"
"12462","1255.17"
"15737","1255.03"
"13848","1255.00"
"18171","1254.11"
"12908","1254.00"
"17262","1253.36"
"13860","1251.80"
"13882","1250.98"
"14383","1247.69"
"12689","1247.61"
"13029","1247.50"
"15985","1247.42"
"16531","1244.59"
"13931","1244.13"
"17588","1240.20"
"17653","1239.24"
"15841","1239.02"
"14428","1238.75"
"14893","1237.85"
"13208","1235.65"
"18080","1231.50"
"15910","1228.88"
"14913","1227.43"
"16042","1227.37"
"12412","1226.88"
"13055","1226.86"
"17774","1223.68"
"15376","1221.56"
"15004","1220.77"
"14276","1220.09"
"15227","1219.40"
"16794","1217.70"
"14698","1217.27"
"13282","1216.44"
"13491","1215.82"
"18263","1215.24"
"17410","1214.72"
"13918","1212.84"
"12464","1212.05"
"16762","1207.24"
"14684","1201.51"
"13158","1201.06"
"17320","1200.62"
"15605","1198.23"
"13500","1196.77"
"18168","1196.34"
"17720","1195.94"
"15145","1194.73"
"12611","1193.32"
"15630","1192.30"
"14213","1192.20"
"12885","1192.17"
"16612","1187.66"
"17800","1187.21"
"16637","1184.35"
"12546","1181.50"
"14857","1180.59"
"13310","1180.43"
"17058","1179.89"
"15088","1179.87"
"16950","1178.56"
"15489","1178.53"
"14487","1178.23"
"13752","1175.38"
"12640","1174.58"
"15306","1174.35"
"13499","1171.26"
"12358","1168.06"
"13611","1168.00"
"12710","1167.47"
"12679","1167.37"
"14737","1164.55"
"14261","1163.45"
"14447","1163.23"
"16800","1162.65"
"16184","1162.04"
"17348","1156.60"
"14708","1156.07"
"13447","1154.05"
"16062","1153.62"
"14102","1151.43"
"16533","1151.43"
"17302","1151.33"
"18133","1147.50"
"17505","1145.84"
"16766","1145.60"
"17214","1144.12"
"12769","1143.60"
"17770","1143.27"
"16270","1141.24"
"13330","1140.93"
"13819","1140.35"
"16172","1140.21"
"17135","1139.73"
"17500","1138.00"
"17562","1137.38"
"14948","1137.37"
"17242","1135.04"
"18125","1133.40"
"15730","1133.38"
"16989","1133.25"
"16350","1132.47"
"15500","1131.56"
"14824","1127.71"
"12609","1126.85"
"12503","1126"
"15763","1125.17"
"17470","1125.07"
"14129","1123.86"
"16086","1123.47"
"13853","1123.34"
"13772","1122.63"
"13486","1122.41"
"14723","1122.36"
"16807","1121.59"
"15706","1119.31"
"12842","1118.99"
"17894","1118.96"
"15745","1117.94"
"17788","1117.90"
"13591","1117.13"
"15100","1116.90"
"17585","1116.68"
"12936","1114.90"
"16094","1114.63"
"17609","1114.08"
"14744","1111.43"
"14817","1110.34"
"15069","1109.53"
"13455","1109.33"
"12399","1108.65"
"15933","1107.46"
"13131","1107.30"
"16833","1106.53"
"12857","1106.40"
"13064","1105.59"
"13715","1102.79"
"15716","1101.11"
"17047","1100.90"
"15978","1098.78"
"13610","1098.78"
"13104","1098.48"
"17966","1098.43"
"14971","1097.98"
"14161","1097.62"
"16225","1096.32"
"18189","1096.14"
"17405","1095.60"
"13211","1095.42"
"13652","1095.08"
"16918","1094.30"
"15329","1093.90"
"15608","1093.68"
"12722","1090.93"
"15658","1089.30"
"12534","1089.18"
"15238","1087.44"
"17041","1087.29"
"14389","1087.20"
"12951","1086.07"
"15801","1085.71"
"15434","1085.48"
"14488","1081.13"
"12717","1080.98"
"14561","1080.76"
"13744","1080.52"
"13726","1079.66"
"12354","1079.40"
"14352","1078.96"
"17727","1077.95"
"13587","1077.80"
"16563","1077.74"
"15839","1076.24"
"15027","1075.95"
"16416","1075.81"
"16049","1074.81"
"18130","1073.04"
"15777","1072.61"
"15712","1072.36"
"13467","1071.91"
"13521","1071.73"
"13635","1071.03"
"17522","1070.71"
"13761","1070.65"
"14212","1070.48"
"17724","1070.35"
"16200","1068.87"
"15436","1067.75"
"17277","1065.35"
"12815","1063.46"
"14411","1063.00"
"16214","1062.75"
"14195","1061.30"
"15223","1056.60"
"16520","1056.52"
"15977","1054.73"
"12716","1053.49"
"14475","1051.88"
"14419","1051.79"
"18194","1051.68"
"17096","1051.58"
"18221","1049.91"
"14078","1049.37"
"17287","1049.06"
"15996","1048.48"
"16728","1048.28"
"13350","1047.52"
"15407","1046.74"
"12994","1046.62"
"14293","1046.56"
"14584","1046.06"
"15464","1044.65"
"15192","1044.32"
"12497","1043.10"
"13719","1041.68"
"16160","1041.43"
"16320","1038.46"
"14465","1038.44"
"16175","1037.59"
"13811","1037.25"
"17042","1036.58"
"12572","1036.12"
"12691","1035.80"
"16260","1035.45"
"13639","1033.34"
"16554","1032.65"
"12599","1032.58"
"12724","1031.41"
"13253","1030.40"
"17033","1030.14"
"14231","1029.36"
"15333","1028.56"
"16980","1028.46"
"16682","1028.00"
"15066","1026.59"
"17951","1026.24"
"14904","1025.44"
"18142","1024.14"
"13032","1023.84"
"16859","1022.48"
"14346","1021.58"
"13165","1021.48"
"17646","1021.12"
"13376","1019.76"
"16572","1019.50"
"13956","1019.27"
"15110","1019.00"
"12828","1018.71"
"15104","1018.44"
"12514","1017.68"
"13410","1017.21"
"16027","1017.12"
"13728","1016.14"
"13026","1014.57"
"12642","1013.26"
"12739","1013.04"
"17197","1013.01"
"14775","1011.90"
"16229","1010.60"
"14446","1010.35"
"14224","1009.73"
"16174","1009.55"
"14214","1008.53"
"14223","1007.03"
"14631","1006.98"
"13429","1006.80"
"13867","1005.09"
"14256","1003.06"
"14083","1002.90"
"17126","1002.35"
"12446","1002.31"
"12545","1000.39"
"15508","1000.27"
"12849","1000.21"
"18143","1000.16"
"17044","999.53"
"16232","998.53"
"17594","993.18"
"13363","992.50"
"14514","990.20"
"17527","989.88"
"15062","987.86"
"18237","987.10"
"14583","986.96"
"17324","986.48"
"17048","986.38"
"13117","984.91"
"17144","984.57"
"16376","984.45"
"12510","982.57"
"15133","982.42"
"15793","982.26"
"15071","982.07"
"16188","981.86"
"16085","981.51"
"12541","981.18"
"18170","980.31"
"13509","979.72"
"12822","978.78"
"15132","977.93"
"15449","977.82"
"14920","977.77"
"12697","976.16"
"14629","975.06"
"14522","974.54"
"16009","972.11"
"15506","972.08"
"13155","971.76"
"17100","971.74"
"16419","971.46"
"17097","970.92"
"14138","965.88"
"15860","965.16"
"12550","964.83"
"16584","964.13"
"13138","962.39"
"14006","962.19"
"12365","962.07"
"15156","961.49"
"13314","958.37"
"18192","957.97"
"13823","957.66"
"13035","957.13"
"13636","956.62"
"15948","955.24"
"17244","954.90"
"15835","954.09"
"14540","952.66"
"14081","951.47"
"14141","951.23"
"17552","950.86"
"14625","950.78"
"15421","950.36"
"14140","950.05"
"13748","948.25"
"12458","947.40"
"15747","946.64"
"12781","945.76"
"15289","944.46"
"13261","944.10"
"12427","943.23"
"12820","942.34"
"14075","942.26"
"14359","941.78"
"17227","939.32"
"17289","939.27"
"16924","937.14"
"12940","936.94"
"12924","934.51"
"13217","934.34"
"15787","933.26"
"13655","932.97"
"14532","932.85"
"16934","931.03"
"17618","930.28"
"16742","929.80"
"16907","928.76"
"15312","928.60"
"12652","925.43"
"13805","924.60"
"15654","922.53"
"13122","922.39"
"16551","922.12"
"13934","922.10"
"15576","921.37"
"15253","921.10"
"13549","920.28"
"17018","920.10"
"13075","919.61"
"17027","919.26"
"17323","918.60"
"16511","918.33"
"14015","917.34"
"14712","917.07"
"15707","916.98"
"16809","916.64"
"17888","916.27"
"17236","916.13"
"16216","914.93"
"15587","913.68"
"15364","913.19"
"13192","911.94"
"14289","911.26"
"13689","910.00"
"13782","908.86"
"13038","908.46"
"14623","906.60"
"15480","905.50"
"15807","903.90"
"17007","902.43"
"17848","901.20"
"15511","900.53"
"13662","899.94"
"15079","897.56"
"17109","896.65"
"15865","895.13"
"15211","894.41"
"14912","894.18"
"12772","892.47"
"16361","891.21"
"13515","891.12"
"15255","890.85"
"14240","890.34"
"14344","889.93"
"17829","889.24"
"17537","887.67"
"14449","885.80"
"15822","885.47"
"17704","885.19"
"15799","884.14"
"15907","882.72"
"13846","882.51"
"13929","882.45"
"18236","882.24"
"13037","881.07"
"14644","881.06"
"12693","880.86"
"15076","880.85"
"15561","878.44"
"15653","877.44"
"14770","876.42"
"16235","876.21"
"17649","875.24"
"16513","874.59"
"16657","874.43"
"13294","873.74"
"15208","872.62"
"15823","870.76"
"13200","870.09"
"13979","869.87"
"17566","869.77"
"12694","869.67"
"13203","869.46"
"17886","869.28"
"16108","868.90"
"12878","868.34"
"15533","868.22"
"17115","868.10"
"14715","867.38"
"16560","866.31"
"14597","866.24"
"16567","865.60"
"12680","862.81"
"17114","862.52"
"16266","861.89"
"16221","860.86"
"12794","860.41"
"13339","860.12"
"14577","859.71"
"14553","859.27"
"13991","858.22"
"14657","858.17"
"13566","856.84"
"16092","856.36"
"17064","855.45"
"16037","855.02"
"17560","854.95"
"17169","854.68"
"16121","854.66"
"17075","854.47"
"12379","854.19"
"15215","853.89"
"14193","853.39"
"15022","852.39"
"16070","852.15"
"17929","851.50"
"16020","851.01"
"12504","850.10"
"18096","849.06"
"15831","848.64"
"12713","848.55"
"16347","847.45"
"13221","847.41"
"12434","847.09"
"16877","846.62"
"16747","845.16"
"12847","843.64"
"17624","843.48"
"16164","842.43"
"14862","841.20"
"17076","841.08"
"12778","840.23"
"14332","840.21"
"13940","839.14"
"14803","837.95"
"15045","837.66"
"13329","837.60"
"16869","836.92"
"15832","836.79"
"12728","836.33"
"13835","834.57"
"16644","833.78"
"15862","832.88"
"13681","827.83"
"12461","826.88"
"16494","826.53"
"18248","825.02"
"15164","824.58"
"12413","822.05"
"13893","821.10"
"17921","820.23"
"17759","819.96"
"13220","819.29"
"16943","816.73"
"15649","816.00"
"14976","815.86"
"15399","815.77"
"18064","814.00"
"16600","813.52"
"16621","813.48"
"14421","813.11"
"16284","812.68"
"17980","811.45"
"16460","811.23"
"16276","810.60"
"16624","810.57"
"17411","808.94"
"15965","808.87"
"14499","808.44"
"12421","807.81"
"14201","806.84"
"18136","806.83"
"16759","806.74"
"15618","806.671"
"13707","806.41"
"13109","806.24"
"13637","804.30"
"12422","803.56"
"15644","803.54"
"12628","803.31"
"13623","803.08"
"18265","801.51"
"16367","800.67"
"13720","799.90"
"17180","799.62"
"17905","798.99"
"17703","798.74"
"13280","798.46"
"16438","798.35"
"13389","797.96"
"12701","797.71"
"15239","796.84"
"13336","795.12"
"13212","794.33"
"13884","793.90"
"16362","792.69"
"17460","792.23"
"15990","792.11"
"13167","791.33"
"18228","790.60"
"13016","789.89"
"14034","788.69"
"13370","788.42"
"13323","787.85"
"15806","784.58"
"13375","784.40"
"16054","783.90"
"16730","783.43"
"16770","782.30"
"15952","781.91"
"17006","781.78"
"15679","781.28"
"13583","781.03"
"17797","780.43"
"12735","779.57"
"14412","778.73"
"14815","778.50"
"17414","778.00"
"16505","777.60"
"13563","777.53"
"12425","777.20"
"15743","775.96"
"13341","775.85"
"16825","775.18"
"15414","774.90"
"16043","773.99"
"16222","773.55"
"15075","773.03"
"17764","772.55"
"16256","772.23"
"17409","771.85"
"15353","770.12"
"12965","769.81"
"12616","769.35"
"16480","769.29"
"14126","768.63"
"13356","768.24"
"14883","766.54"
"15400","765.70"
"14672","765.55"
"17695","765.34"
"14885","765.32"
"17516","764.88"
"12612","764.49"
"16725","764.22"
"17268","763.64"
"17466","763.28"
"13236","762.43"
"16806","762.16"
"15599","761.74"
"13950","761.56"
"17425","759.17"
"16036","758.92"
"15568","758.29"
"16470","757.72"
"16205","757.63"
"14550","757.37"
"17034","756.47"
"15322","756.39"
"18104","754.64"
"14234","754.12"
"13730","752.60"
"13030","752.44"
"17979","752.31"
"12465","750.49"
"14829","750.45"
"17146","749.78"
"15969","749.30"
"15525","749.27"
"14923","749.10"
"15656","748.50"
"17692","748.44"
"15951","746.87"
"17387","746.81"
"16140","746.59"
"14050","746.36"
"14790","745.06"
"13354","743.53"
"12374","742.93"
"16891","742.43"
"14662","741.37"
"13753","741.26"
"13900","740.95"
"15252","740.78"
"16449","740.69"
"13925","739.85"
"14198","739.30"
"12603","739.20"
"14756","738.96"
"12976","738.60"
"13736","737.70"
"17461","735.82"
"15074","735.67"
"14356","735.52"
"12468","735.04"
"16146","734.13"
"17423","733.19"
"13575","732.07"
"16099","731.90"
"16491","731.50"
"14778","730.86"
"14342","729.41"
"15700","729.33"
"16261","728.54"
"17666","728.16"
"13077","728.02"
"13388","727.05"
"16309","726.47"
"14055","725.64"
"15038","725.64"
"14869","725.20"
"12723","725.07"
"15636","724.76"
"17521","724.46"
"17994","723.69"
"12475","723.38"
"15584","723.36"
"15272","721.94"
"13238","720.63"
"18062","720.52"
"16023","719.81"
"16015","719.40"
"14867","719.23"
"14643","719.01"
"15274","716.57"
"12535","716.35"
"17029","716.00"
"15330","714.96"
"14205","714.62"
"15757","714.42"
"18035","713.89"
"13169","712.88"
"13147","712.80"
"17761","712.78"
"13416","712.50"
"17642","712.29"
"15855","712.24"
"13705","711.86"
"17179","711.79"
"13249","711.41"
"13430","710.21"
"14127","709.71"
"16136","709.38"
"17874","708.66"
"15304","708.50"
"12453","707.09"
"14959","705.87"
"16364","705.79"
"12410","705.58"
"14009","705.29"
"16882","705.12"
"17658","704.96"
"17934","704.25"
"17974","703.99"
"12883","703.47"
"15103","703.36"
"16997","702.00"
"14179","701.57"
"17734","700.63"
"17812","699.81"
"16212","699.49"
"15181","698.68"
"17472","697.54"
"14111","697.10"
"15648","696.95"
"15800","696.89"
"16642","696.83"
"17884","695.07"
"12925","694.05"
"15053","693.95"
"13601","693.32"
"15221","692.40"
"17198","692.22"
"17733","692.19"
"15669","690.99"
"14880","690.59"
"17796","690.00"
"18085","689.95"
"13023","689.90"
"17502","689.10"
"12577","689.00"
"13799","688.86"
"13496","688.73"
"17462","688.44"
"18196","686.63"
"12658","686.05"
"16122","684.42"
"14222","683.17"
"15582","682.91"
"17341","682.29"
"18135","681.91"
"12719","681.80"
"17397","681.41"
"12478","680.99"
"18082","680.84"
"15643","680.60"
"13524","680.18"
"16872","680.02"
"14788","679.44"
"16573","678.81"
"13548","678.16"
"16325","677.94"
"18218","677.62"
"13040","676.99"
"16377","676.20"
"15626","675.80"
"18156","675.64"
"15574","675.64"
"12942","675.60"
"13607","675.51"
"13325","675.30"
"13838","674.82"
"13355","674.70"
"13464","674.68"
"17749","674.52"
"13951","674.45"
"14504","673.26"
"13258","672.83"
"14628","671.96"
"12838","671.95"
"12638","671.69"
"16444","670.57"
"13741","670.53"
"16157","669.14"
"12418","668.58"
"16774","668.12"
"16268","667.65"
"17779","666.72"
"17105","665.78"
"13963","664.54"
"17883","664.34"
"16208","664.26"
"13596","664.11"
"14720","663.81"
"13240","663.65"
"18183","663.62"
"13028","662.96"
"16306","662.27"
"15768","661.83"
"14603","660.00"
"15492","659.46"
"13759","659.41"
"16357","658.88"
"14150","658.64"
"16696","657.90"
"14818","657.80"
"15205","657.65"
"17459","657.30"
"15677","657.23"
"17321","657.16"
"13539","656.84"
"13049","656.68"
"16708","656.63"
"17299","656.61"
"16127","656.25"
"16014","656.08"
"14894","655.75"
"14725","655.58"
"14651","653.75"
"17398","653.38"
"18151","653.35"
"18121","653.30"
"15031","653.19"
"14548","652.80"
"17523","652.74"
"15344","651.30"
"16233","651.23"
"16056","650.75"
"15571","650.43"
"16969","650.41"
"15384","649.06"
"15297","648.84"
"15433","648.73"
"16495","648.26"
"14301","648.24"
"17777","647.56"
"17373","646.92"
"16734","646.76"
"12589","646.68"
"14044","646.42"
"15651","646.30"
"14855","645.65"
"17312","644.30"
"14451","643.90"
"16383","643.76"
"12649","643.31"
"14020","642.80"
"13034","642.77"
"17545","642.32"
"17046","642.02"
"12624","641.13"
"13417","640.83"
"13318","640.76"
"12631","640.50"
"17190","639.74"
"17515","639.02"
"13914","638.95"
"15147","638.35"
"18160","638.06"
"14754","638.05"
"12513","637.79"
"14000","637.61"
"14128","637.50"
"14481","636.51"
"14664","636.24"
"15829","636.14"
"14323","635.86"
"15773","635.68"
"16139","635.41"
"14149","633.81"
"13892","632.97"
"16116","632.68"
"16134","632.49"
"14905","632.40"
"14220","632.40"
"15809","632.33"
"13822","632.00"
"14021","631.90"
"15244","631.57"
"14152","631.49"
"17985","631.35"
"16418","631.12"
"17990","630.84"
"13046","629.31"
"16763","628.80"
"13525","628.78"
"14687","628.38"
"13518","627.16"
"15028","627.13"
"15402","626.77"
"14036","626.65"
"16469","625.42"
"16750","623.93"
"13368","623.40"
"16431","623.28"
"15258","623.16"
"17499","622.88"
"15182","622.85"
"13145","622.27"
"14338","622.22"
"18217","621.75"
"16915","621.68"
"17640","621.66"
"13402","621.23"
"13546","621.09"
"15275","621.09"
"14133","620.94"
"16141","620.40"
"17119","620.21"
"12667","620.13"
"13493","618.63"
"16613","618.59"
"12596","618.27"
"13301","618.09"
"14593","617.15"
"14377","617.05"
"16311","616.26"
"14382","615.49"
"16566","615.31"
"13762","613.44"
"18022","612.72"
"14320","612.47"
"18149","612.08"
"15232","612.06"
"14284","612.05"
"15645","612.01"
"16109","611.88"
"13154","611.86"
"13731","610.59"
"12673","610.52"
"15655","610.02"
"15795","610.01"
"14636","609.85"
"13357","609.40"
"16442","609.30"
"13933","608.79"
"12933","608.78"
"16654","607.57"
"16718","606.05"
"17849","605.80"
"17507","605.58"
"13233","605.12"
"17664","604.64"
"12944","604.51"
"12384","604.38"
"15830","604.30"
"17014","604.18"
"16732","603.75"
"18232","603.47"
"12707","603.42"
"16022","602.63"
"15366","602.51"
"12654","601.98"
"14108","601.66"
"14609","601.56"
"14692","601.05"
"12420","600.39"
"18211","600.07"
"12872","599.97"
"12521","599.68"
"12556","599.56"
"14710","599.48"
"17420","598.83"
"15720","598.73"
"13311","598.57"
"16298","598.20"
"14645","597.09"
"15381","596.85"
"16203","596.65"
"16933","596.38"
"14675","596.36"
"14467","596.26"
"18246","596.10"
"14965","596.09"
"13888","595.67"
"16278","594.93"
"15406","594.81"
"16838","594.80"
"13558","594.52"
"16788","594.39"
"13959","594.04"
"15442","594.00"
"12917","594.00"
"12879","593.87"
"16535","593.75"
"15573","591.19"
"13276","590.93"
"15339","590.57"
"13452","590"
"13270","590.00"
"14882","589.70"
"14400","589.70"
"15315","589.46"
"13816","588.30"
"15624","588.13"
"17540","587.40"
"12559","587.21"
"17351","587.15"
"17890","586.89"
"13894","586.43"
"13243","585.12"
"15222","585.00"
"12601","584.56"
"16384","584.50"
"16072","584.32"
"14023","584.07"
"13557","584.06"
"15762","583.75"
"12426","582.73"
"13427","582.60"
"12695","582.10"
"17259","581.23"
"13939","580.35"
"18095","580.05"
"14176","579.80"
"15535","579.40"
"17142","579.00"
"13292","578.94"
"16005","578.71"
"14529","578.61"
"12479","577.10"
"16723","576.40"
"15550","575.63"
"13487","575.40"
"18123","574.44"
"15303","574.02"
"15469","572.60"
"13379","572.56"
"12987","572.40"
"12816","572.20"
"17616","571.20"
"15821","570.96"
"14304","569.80"
"17360","568.24"
"13321","567.36"
"17897","567.31"
"16667","567.18"
"18150","566.58"
"14618","565.89"
"16345","565.46"
"16898","565.38"
"15881","564.54"
"14753","563.15"
"17970","562.79"
"14167","562.59"
"12414","562.41"
"16916","562.41"
"13946","561.57"
"16602","561.43"
"13043","561.27"
"13044","560.47"
"14273","559.97"
"16275","559.87"
"13085","559.78"
"15415","559.61"
"16906","559.59"
"12866","559.12"
"17503","558.96"
"13005","558.45"
"13800","558.32"
"16536","558.07"
"14592","557.94"
"13260","557.62"
"14474","557.61"
"13405","557.452"
"17955","557.30"
"16385","554.86"
"17864","554.85"
"14177","554.41"
"14891","554.38"
"15068","553.36"
"12363","552.00"
"14997","551.42"
"16211","551.27"
"17674","551.04"
"17291","550.80"
"17235","550.06"
"17265","550.01"
"12390","549.84"
"16031","547.90"
"16811","547.07"
"17637","547.06"
"17295","547.00"
"16892","546.89"
"17520","546.81"
"14805","546.40"
"17806","546.04"
"12793","545.48"
"16475","544.30"
"13617","544.18"
"13390","544.08"
"16955","543.67"
"16927","543.05"
"15877","542.83"
"18024","542.78"
"13278","542.73"
"13338","542.22"
"16230","542.03"
"16689","541.94"
"17447","541.53"
"17557","541.46"
"13874","540.45"
"12743","540.13"
"12558","539.92"
"13812","539.00"
"14496","538.81"
"15539","538.46"
"12863","538.20"
"15467","537.88"
"17429","537.72"
"14539","537.48"
"15882","537.36"
"17062","537.23"
"16206","537.06"
"15043","537.00"
"16804","536.99"
"15018","536.16"
"16142","535.34"
"13000","534.85"
"13385","534.57"
"16340","534.31"
"13434","534.24"
"17443","534.24"
"15825","532.94"
"12784","532.82"
"16706","531.35"
"14265","530.18"
"18159","530.15"
"14002","529.73"
"14463","529.62"
"16185","529.41"
"18043","529.29"
"15452","528.48"
"17631","528.33"
"15756","528.01"
"17623","527.05"
"15919","525.69"
"16863","524.25"
"13721","524.14"
"17329","523.11"
"18017","523.00"
"17712","522.91"
"15081","522.25"
"15149","520.80"
"17345","519.69"
"14873","519.68"
"12571","519.61"
"13643","519.44"
"16650","518.42"
"15030","518.28"
"18252","518.27"
"16135","517.55"
"17454","517.53"
"14431","517.46"
"18205","517.36"
"17480","517.13"
"13116","517.09"
"16321","516.60"
"15973","515.87"
"12811","514.85"
"15246","514.15"
"17513","513.20"
"17290","513.01"
"17805","512.31"
"15891","511.68"
"12582","511.36"
"14851","511.35"
"16561","511.12"
"13066","510.70"
"13171","510.01"
"12436","509.01"
"15417","508.80"
"17391","508.80"
"14317","508.58"
"17958","508.46"
"17415","507.84"
"14158","507.66"
"14820","507.29"
"16960","507.05"
"13885","506.80"
"16614","506.19"
"15109","506.15"
"12988","505.82"
"16488","505.40"
"14014","505.18"
"18176","504.05"
"12991","503.76"
"17630","503.60"
"13865","501.56"
"14871","501.28"
"13954","501.25"
"13247","501.12"
"17053","500.58"
"15589","500.48"
"16616","500.42"
"15389","500.00"
"14077","499.42"
"15193","499.32"
"14681","498.95"
"15142","498.74"
"17298","498.42"
"14147","498.40"
"16768","498.14"
"16820","497.61"
"17495","497.56"
"15468","496.56"
"15300","496.44"
"12904","496.06"
"13092","495.83"
"17374","495.77"
"15448","494.64"
"16352","494.44"
"12809","494.26"
"17333","494.25"
"12763","494.08"
"14497","493.27"
"14270","492.65"
"17950","492.28"
"13732","491.86"
"14236","490.86"
"15000","490.52"
"14416","490.22"
"18074","489.60"
"16038","489.23"
"14853","488.55"
"18072","488.40"
"17361","488.20"
"15287","488.14"
"14396","487.99"
"15165","487.75"
"16518","487.72"
"16643","487.51"
"13675","486.82"
"17453","486.72"
"13153","486.22"
"12639","486.10"
"14460","485.34"
"16999","484.82"
"15091","484.46"
"13531","483.80"
"14958","483.73"
"12808","483.65"
"14450","483.25"
"16603","482.47"
"16971","482.21"
"18216","481.75"
"13176","481.49"
"14130","480.91"
"15006","480.38"
"17555","480.31"
"16368","479.91"
"16812","479.35"
"14333","478.95"
"14910","478.84"
"16008","478.78"
"17035","478.73"
"12644","477.91"
"16693","477.86"
"12447","476.49"
"15507","475.86"
"15780","475.28"
"14013","473.02"
"14513","472.69"
"15721","471.40"
"15963","470.76"
"15646","470.14"
"12579","470.12"
"15026","469.00"
"15557","468.91"
"14896","468.77"
"14029","467.66"
"13579","467.04"
"16374","466.73"
"16504","465.88"
"13248","465.68"
"13928","464.57"
"13506","464.22"
"16586","463.95"
"15349","463.91"
"14967","463.80"
"12787","463.66"
"17418","463.46"
"14489","463.38"
"17964","463.21"
"12945","462.95"
"14331","462.66"
"15754","461.47"
"14470","461.19"
"16824","460.64"
"16805","460.59"
"12491","460.40"
"12375","459.58"
"12355","459.40"
"16589","459.24"
"17880","458.92"
"15092","457.81"
"15121","457.72"
"17579","457.60"
"14157","457.34"
"13398","457.34"
"12564","456.90"
"12999","455.88"
"16239","455.50"
"15585","455.30"
"16529","455.25"
"18158","455.05"
"14335","454.86"
"15471","454.48"
"13485","454.24"
"17140","454.12"
"15475","454.11"
"17564","454.01"
"12729","453.01"
"18071","453.00"
"14184","452.89"
"12591","452.85"
"16574","451.44"
"14173","450.84"
"12493","450.69"
"16885","450.41"
"17040","449.73"
"13489","449.52"
"12448","449.45"
"15739","449.12"
"13359","447.86"
"14780","447.68"
"15368","446.94"
"17370","446.18"
"12403","445.70"
"14048","444.73"
"18006","444.68"
"13672","444.24"
"14638","443.60"
"16404","443.05"
"18222","443.00"
"12802","442.58"
"18233","440"
"15524","440"
"14022","440.00"
"12391","439.66"
"16025","439.66"
"16968","439.43"
"14288","439.35"
"13358","439.03"
"14272","437.96"
"12552","437.82"
"16034","437.70"
"12592","437.60"
"16084","436.18"
"15551","436.06"
"13615","435.39"
"16948","435.02"
"15456","434.59"
"14093","433.86"
"12452","432.57"
"14620","432.28"
"16236","432.20"
"16881","432.00"
"13245","430.50"
"12795","430.48"
"12827","430.15"
"16884","429.84"
"15450","429.84"
"15429","429.80"
"15230","429.60"
"15036","429.56"
"16484","429.20"
"15553","428.93"
"15957","428.89"
"13602","428.89"
"17869","428.18"
"15360","427.93"
"12725","427.80"
"13473","427.74"
"17375","427.70"
"15976","427.64"
"12740","427.60"
"15930","426.63"
"15639","425.32"
"16119","423.36"
"17525","422.70"
"18240","422.58"
"13140","422.47"
"16780","422.24"
"18106","421.90"
"12930","421.70"
"14757","420.50"
"15342","420.42"
"15206","420.30"
"15889","420.07"
"13166","419.70"
"13919","419.46"
"15345","419.39"
"15361","418.92"
"18034","418.68"
"17371","418.40"
"12593","418.10"
"17701","417.95"
"17232","417.77"
"16737","417.60"
"17736","417.39"
"12833","417.38"
"17392","417.27"
"16816","417.06"
"13889","416.90"
"17223","416.89"
"15935","416.86"
"16957","416.64"
"15803","415.82"
"14139","415.82"
"12580","415.70"
"15725","415.25"
"16795","414.88"
"14998","414.87"
"12993","414.76"
"14124","414.54"
"15994","414.27"
"15664","414.23"
"17483","414.04"
"13856","413.60"
"13974","413.59"
"16834","413.46"
"17134","413.20"
"15523","412.01"
"16499","411.80"
"16272","411.70"
"15186","411.41"
"15099","410.48"
"15695","409.98"
"13827","409.80"
"14348","409.57"
"12990","409.50"
"15225","409.40"
"14619","409.37"
"16243","409.10"
"16018","408.90"
"15269","408.80"
"17913","408.65"
"16629","408.63"
"16324","408.59"
"13255","408.36"
"17931","408.36"
"16399","408.02"
"13352","406.68"
"15127","406.53"
"16947","406.48"
"14616","406.08"
"12970","405.47"
"12922","405.38"
"15012","405.04"
"18001","404.81"
"18164","404.60"
"15938","404.58"
"16319","404.40"
"12982","403.88"
"12498","403.70"
"17431","403.30"
"18036","403.12"
"13343","402.93"
"16858","402.61"
"15184","402.20"
"15257","402.15"
"12386","401.90"
"15158","401.40"
"13345","401.40"
"16500","400.86"
"16198","400.681"
"12792","400.54"
"18154","399.19"
"17052","399.09"
"17830","398.70"
"17438","398.60"
"12895","398.30"
"17573","398.30"
"15522","397.99"
"12508","397.88"
"15967","397.68"
"13873","397.50"
"17926","397.29"
"12824","397.12"
"13594","396.97"
"17486","396.87"
"15883","396.48"
"18067","396.33"
"16354","395.80"
"18155","395.42"
"12888","394.47"
"16207","394.38"
"16909","394.14"
"15386","394.14"
"15264","393.74"
"17226","393.49"
"14600","393.33"
"14670","392.86"
"16010","392.40"
"15837","391.98"
"13936","391.88"
"16917","391.52"
"15107","391.34"
"14311","390.81"
"17379","389.72"
"12544","389.70"
"14752","389.64"
"16250","389.44"
"15847","389.27"
"14420","389.17"
"12690","389.01"
"15592","388.58"
"13899","388.52"
"14538","388.25"
"17817","387.68"
"13673","387.44"
"17508","387.31"
"17595","386.69"
"14114","386.53"
"17614","386.32"
"14779","386.15"
"13821","385.64"
"17711","385.10"
"17239","385.05"
"15048","384.48"
"17357","384.39"
"16204","384.18"
"17205","384.08"
"16982","384.06"
"12733","383.95"
"13833","383.85"
"17189","383.75"
"12515","383.70"
"15440","383.68"
"15424","383.34"
"12832","383.03"
"13817","382.98"
"13657","382.14"
"17250","381.97"
"15090","381.32"
"16441","381.20"
"14950","381.15"
"12871","380.64"
"17138","380.50"
"17999","380.39"
"17031","380.35"
"17936","380.13"
"14731","380.02"
"16552","379.73"
"13589","379.65"
"13656","379.65"
"17878","379.45"
"15885","379.35"
"16930","378.89"
"13372","378.64"
"13300","378.49"
"17078","378.20"
"12890","376.72"
"17489","376.64"
"15922","375.40"
"14448","375.35"
"14079","375.10"
"13497","375.05"
"16147","375.00"
"14067","374.70"
"17492","374.57"
"12873","374.00"
"13351","373.94"
"15120","373.82"
"14850","373.35"
"12981","372.22"
"13091","371.82"
"15472","371.56"
"16776","371.54"
"15975","371.01"
"15063","370.80"
"16758","369.34"
"14888","369.20"
"14690","368.14"
"17765","367.63"
"16065","367.14"
"18181","366.85"
"15713","366.65"
"16897","366.53"
"17911","366.23"
"17432","365.76"
"15840","365.46"
"16202","365.27"
"14886","364.80"
"15949","364.72"
"12373","364.60"
"15343","364.50"
"14528","364.22"
"12538","363.95"
"17330","363.90"
"14171","363.79"
"16509","363.70"
"18056","363.65"
"12915","363.65"
"16485","363.65"
"14932","363.53"
"14427","363.34"
"14594","363.33"
"16903","363.20"
"16378","362.95"
"14747","362.10"
"16052","362.06"
"15025","361.96"
"13844","361.62"
"16769","361.54"
"16305","361.22"
"13291","361.11"
"17358","360.81"
"16595","360.16"
"13780","360.01"
"13298","360.00"
"15880","359.03"
"17948","358.56"
"16823","358.38"
"13228","358.00"
"13976","357.98"
"17025","357.77"
"15781","357.36"
"18040","357.20"
"13453","356.98"
"12566","356.60"
"14915","356.13"
"15247","356.00"
"16372","355.73"
"18250","355.62"
"14537","355.56"
"17742","355.11"
"12845","354.09"
"13173","353.65"
"13210","353.48"
"14804","353.27"
"12617","352.98"
"13369","352.81"
"15678","352.70"
"18112","352.69"
"14500","352.65"
"18274","351.84"
"15870","351.44"
"15789","351.30"
"14902","351.21"
"13923","351.13"
"13332","350.90"
"15334","350.82"
"13740","350.75"
"15901","350.31"
"13108","350.06"
"12532","349.83"
"13670","349.70"
"13887","349.55"
"16217","349.11"
"15405","349.10"
"13927","348.99"
"17252","348.91"
"13790","348.80"
"12527","348.71"
"14264","348.47"
"18276","348.36"
"16159","348.20"
"13052","348.15"
"14379","348.10"
"17548","348.08"
"14206","348.06"
"17668","347.75"
"18127","347.08"
"13062","346.98"
"13649","346.60"
"16423","346.12"
"17123","345.30"
"13774","345.00"
"14633","344.90"
"16978","344.33"
"17569","344.14"
"13068","344.00"
"15047","343.62"
"15520","343.50"
"18081","343.45"
"16810","343.44"
"12715","343.36"
"12875","343.23"
"17795","342.83"
"16851","342.45"
"17835","342.24"
"16826","341.70"
"13347","341.36"
"14491","340.93"
"14586","340.56"
"15115","340.11"
"13737","339.60"
"17045","339.44"
"16545","339.30"
"17697","338.95"
"16183","338.71"
"13569","338.62"
"15652","337.74"
"15942","337.44"
"13930","337.34"
"15900","337.28"
"17973","337.04"
"16105","336.96"
"15619","336.40"
"17384","336.40"
"18078","336.13"
"14196","335.52"
"16063","335.32"
"17917","335.03"
"12489","334.93"
"14988","334.54"
"15466","334.53"
"17221","334.48"
"12350","334.40"
"15918","334.23"
"16274","334.05"
"15363","333.95"
"17094","333.80"
"13216","333.74"
"15224","333.68"
"17866","333.60"
"13727","333.48"
"16739","333.45"
"15597","333.42"
"16625","333.08"
"12829","332.95"
"13904","332.64"
"16850","332.41"
"16803","332.30"
"16177","331.95"
"15213","331.65"
"17157","331.45"
"16030","331.24"
"15210","331.18"
"12891","331.00"
"16478","331.00"
"17862","330.90"
"12519","330.84"
"13706","330.79"
"14517","330.45"
"15130","330.11"
"16593","330.03"
"15714","330.03"
"12953","329.85"
"17615","329.60"
"13239","329.56"
"17914","329.36"
"17154","329.34"
"15153","329.25"
"14339","329.13"
"14012","328.80"
"17222","328.65"
"16343","328.58"
"16855","328.40"
"16297","328.40"
"16318","328.15"
"15314","327.97"
"16781","327.85"
"14024","327.70"
"15579","327.60"
"18270","327.35"
"16366","327.30"
"14870","327.25"
"15609","326.93"
"16322","326.75"
"14987","326.40"
"17715","326.40"
"16071","326.24"
"12844","325.96"
"16830","325.91"
"17912","325.46"
"16956","325.14"
"15944","325.10"
"15101","325.03"
"12790","324.92"
"13801","324.80"
"16685","324.24"
"18261","324.24"
"15675","323.69"
"16292","323.60"
"12852","323.35"
"15921","323.03"
"13955","322.96"
"16627","322.80"
"16342","322.41"
"17172","322.26"
"14424","322.08"
"14484","321.92"
"17976","321.79"
"14823","321.43"
"15236","321.05"
"16096","320.62"
"14622","320.58"
"13986","320.46"
"16227","320.12"
"16967","319.02"
"17229","318.76"
"15308","318.67"
"17248","318.65"
"12785","318.19"
"14703","318.17"
"17839","318.15"
"12648","318.05"
"18066","318.00"
"13466","317.85"
"16473","317.36"
"17267","317.20"
"15385","316.88"
"15243","316.68"
"16761","316.62"
"15204","316.58"
"17458","316.50"
"13494","316.26"
"15872","316.25"
"14479","316.25"
"18059","316.21"
"18117","315.65"
"12614","315.60"
"15766","315.06"
"16091","315.06"
"17237","314.69"
"16193","314.45"
"12650","314.44"
"15970","314.10"
"12797","313.88"
"13484","313.80"
"16582","313.62"
"14729","313.49"
"13845","312.98"
"18220","312.78"
"13121","312.73"
"15318","312.62"
"14555","312.54"
"12834","312.38"
"13642","312.28"
"17362","312.23"
"14501","312.11"
"13863","312.00"
"16450","311.92"
"14142","311.81"
"15326","311.71"
"14951","311.69"
"14327","311.65"
"13990","311.30"
"17854","311.26"
"13897","311.16"
"13479","310.90"
"16124","310.85"
"15185","310.62"
"16648","310.46"
"17506","310.11"
"14924","310.05"
"15661","309.80"
"15699","309.65"
"14847","309.40"
"17604","309.36"
"12884","309.05"
"13787","309.04"
"15010","308.94"
"13699","308.58"
"13745","308.54"
"17510","308.48"
"16123","307.78"
"13529","307.76"
"13395","307.72"
"13060","307.53"
"14716","307.51"
"17120","307.46"
"17334","307.44"
"13932","307.40"
"14350","307.16"
"13142","307.09"
"15087","306.94"
"16668","306.72"
"13718","306.55"
"15659","306.45"
"17176","306.13"
"14764","306.05"
"15219","305.75"
"16796","305.62"
"16181","305.54"
"13045","305.28"
"17636","305.19"
"12623","305.10"
"17941","304.56"
"15163","304.47"
"18185","304.25"
"16674","304.24"
"17070","304.24"
"17732","303.97"
"16400","303.93"
"13083","303.75"
"15279","303.61"
"17433","303.16"
"16998","302.98"
"18053","302.97"
"16425","302.70"
"14248","302.58"
"16386","302.57"
"18165","302.46"
"15054","302.10"
"16715","301.72"
"15667","301.32"
"15148","301.29"
"15623","301.03"
"17978","300.92"
"16430","300.85"
"16479","300.83"
"14762","300.52"
"13304","300.42"
"15254","300.36"
"17793","300.34"
"17531","299.95"
"18215","299.34"
"13667","299.05"
"17824","298.40"
"16104","298.21"
"17678","298.11"
"12881","298.00"
"15857","297.00"
"13441","296.64"
"17266","296.58"
"13751","296.25"
"13504","295.93"
"16252","295.09"
"14954","294.85"
"18190","294.41"
"15060","294.25"
"17124","294.24"
"15732","294.12"
"16402","293.45"
"17163","293.10"
"16721","292.47"
"12703","292.40"
"14985","292.01"
"13502","292.00"
"13449","291.88"
"17255","291.48"
"14656","291.05"
"14947","290.82"
"17691","290.40"
"16526","290.36"
"17551","290.34"
"13573","290.25"
"14784","289.99"
"17464","289.96"
"17201","289.78"
"17080","289.74"
"14162","289.36"
"16125","289.35"
"14549","289.24"
"15545","288.97"
"17081","288.91"
"17501","288.60"
"16808","288.42"
"15396","288.18"
"17977","288.14"
"17760","287.59"
"16432","287.40"
"13760","286.79"
"16555","285.89"
"14660","285.74"
"14953","285.67"
"13708","285.33"
"16429","284.55"
"15154","283.83"
"13439","283.71"
"17783","283.47"
"13259","283.18"
"17694","283.12"
"13754","282.60"
"13177","282.45"
"16557","281.85"
"16848","281.42"
"14242","280.55"
"16149","280.52"
"13008","280.47"
"17247","280.09"
"14975","279.94"
"15556","279.77"
"14480","279.05"
"14908","277.80"
"18108","277.35"
"13803","277.07"
"15355","277.05"
"13606","276.75"
"13272","276.56"
"13544","276.06"
"12750","275.88"
"14512","275.28"
"18193","274.56"
"16313","274.15"
"16883","272.48"
"17498","272.22"
"14819","272.07"
"13917","272.04"
"14816","271.85"
"13058","271.40"
"17767","271.20"
"17254","271.19"
"17496","271.05"
"17011","270.90"
"15774","270.80"
"14520","270.60"
"13242","270.40"
"13364","269.92"
"17251","269.83"
"16048","269.19"
"13533","269.09"
"14727","268.58"
"14508","268.05"
"15408","267.18"
"17550","267.16"
"15320","267.13"
"15517","267.03"
"16451","266.97"
"17786","266.85"
"14863","266.76"
"13837","266.59"
"15119","266.40"
"12962","266.39"
"14068","265.85"
"17430","265.76"
"14423","265.20"
"17968","265.10"
"13973","264.70"
"15912","264.62"
"17403","263.92"
"17708","263.33"
"12492","263.21"
"16413","262.20"
"16936","261.90"
"16330","261.61"
"13189","260.68"
"14053","260.25"
"15143","259.45"
"13127","259.17"
"14452","259.05"
"15577","258.88"
"13277","258.40"
"15894","258.25"
"16080","257.72"
"13227","257.70"
"13626","257.23"
"12430","256.40"
"13806","256.38"
"16727","256.32"
"17896","256.32"
"17385","256.11"
"16447","255.91"
"15277","255.90"
"14761","255.90"
"14881","255.40"
"16226","255.12"
"15261","254.82"
"12604","254.18"
"14765","254.11"
"15689","254.10"
"16302","253.62"
"15759","253.04"
"15019","252.81"
"15035","252.73"
"15014","252.57"
"18009","252.49"
"13404","252.49"
"15346","252.42"
"13645","252.10"
"13711","252.06"
"16836","251.87"
"17155","251.70"
"16976","251.52"
"13512","251.21"
"13271","250.61"
"13207","250.26"
"16596","250.15"
"17303","250.04"
"15510","250"
"16024","249.95"
"17456","249.86"
"13061","248.61"
"16510","248.10"
"15097","248.08"
"16619","248.01"
"13592","247.96"
"13349","247.32"
"14658","247.15"
"15783","246.30"
"17278","246.04"
"16778","245.94"
"17771","245.81"
"14768","245.70"
"15598","245.68"
"12660","245.10"
"15118","244.80"
"16528","244.41"
"17892","244.10"
"17925","244.08"
"13103","243.94"
"14793","243.84"
"16793","243.84"
"13886","243.56"
"15634","243.55"
"17339","243.36"
"16601","242.70"
"16690","242.53"
"16215","242.35"
"15776","241.62"
"14523","241.09"
"16427","241.06"
"17051","240.89"
"18030","240.60"
"15286","240.55"
"13565","240.22"
"17256","240.00"
"17181","239.92"
"15690","239.76"
"13570","239.49"
"17684","239.41"
"16756","239.40"
"12561","238.85"
"12718","238.25"
"17194","238.04"
"17877","237.61"
"15457","237.07"
"12732","236.26"
"16026","236.09"
"14647","236.04"
"13187","236.02"
"14375","235.56"
"15850","234.88"
"15462","234.60"
"14473","234.34"
"17060","234.24"
"16961","234.17"
"12736","234.00"
"13348","233.76"
"16583","233.45"
"13678","232.60"
"18213","232.48"
"16117","232.21"
"17908","232.03"
"14995","231.98"
"15393","231.86"
"17111","231.61"
"16641","231.10"
"16445","230.51"
"17125","230.50"
"13786","230.40"
"16926","230.25"
"13960","230.22"
"12812","229.64"
"15528","229.33"
"18110","229.05"
"17347","228.96"
"13146","228.91"
"13712","228.84"
"13070","228.80"
"17969","228.20"
"16527","228.06"
"12666","227.44"
"14569","227.39"
"17212","226.85"
"13474","226.84"
"17572","226.75"
"18005","226.47"
"17860","226.45"
"16315","226.37"
"17789","225.90"
"12672","225.90"
"14624","225.85"
"12402","225.60"
"14052","225.36"
"15483","225.26"
"16587","225.15"
"14357","225.12"
"17171","224.91"
"15724","224.20"
"15175","224.14"
"16471","223.95"
"16753","223.92"
"14929","223.88"
"13926","223.85"
"15637","223.36"
"17534","223.36"
"17166","223.19"
"13382","222.99"
"16777","222.62"
"18101","222.40"
"14598","221.97"
"12995","221.92"
"14960","221.27"
"13419","221.06"
"16482","220.62"
"18114","220.10"
"13079","220.10"
"13600","219.52"
"15096","219.39"
"12702","219.00"
"15790","218.75"
"13669","218.55"
"12574","218.45"
"14570","218.06"
"16634","217.90"
"16392","217.89"
"15554","217.20"
"13739","216.90"
"13503","216.85"
"12897","216.50"
"15604","216.39"
"17436","216.30"
"14104","216.21"
"13858","216.17"
"18212","216.07"
"16179","215.83"
"17580","215.72"
"16189","215.48"
"16190","215.08"
"16519","215.08"
"12831","215.05"
"12588","214.90"
"16338","214.80"
"17619","214.37"
"16846","214.32"
"15460","214.26"
"16647","214.06"
"14601","213.96"
"12586","213.94"
"17693","213.92"
"13621","213.85"
"17153","213.78"
"14241","213.70"
"13411","213.55"
"16591","213.50"
"15540","213.30"
"16356","213.22"
"17928","212.54"
"15866","211.89"
"16017","211.88"
"16411","211.70"
"15703","211.50"
"17988","211.07"
"15746","210.80"
"13532","210.31"
"13828","209.49"
"17900","209.40"
"17855","208.97"
"15327","208.75"
"17514","208.65"
"15897","208.59"
"16457","208.36"
"14109","208.20"
"12547","207.80"
"18191","207.80"
"16866","207.74"
"15052","207.73"
"16752","207.50"
"17923","207.50"
"16323","207.50"
"13099","207.36"
"15925","207.15"
"15820","206.98"
"13284","206.23"
"14964","206.21"
"13065","205.86"
"17670","205.70"
"15307","205.30"
"17010","205.26"
"15758","205.25"
"13513","205.10"
"15319","204.50"
"13295","204.45"
"13826","204.35"
"17206","204.24"
"14087","204.22"
"18273","204.00"
"13017","204.00"
"17187","203.95"
"17394","203.87"
"17891","203.86"
"17376","203.20"
"17843","202.73"
"14381","202.68"
"18169","202.65"
"14984","202.37"
"16895","202.27"
"14385","202.11"
"14287","202.03"
"13428","201.78"
"15347","201.60"
"17889","201.37"
"16965","201.19"
"13859","201.16"
"18126","200.92"
"14326","200.85"
"13262","200.29"
"16415","200.27"
"15437","200.16"
"13980","200.14"
"14782","200.10"
"13723","199.85"
"15593","199.80"
"13322","199.48"
"16832","199.15"
"17987","198.57"
"18269","198.30"
"16178","197.90"
"12450","197.88"
"12581","197.71"
"14185","197.65"
"14789","197.64"
"16829","197.22"
"15234","197.00"
"13436","196.89"
"13978","196.79"
"16861","195.87"
"16112","195.74"
"17440","195.74"
"13792","195.55"
"14666","195.25"
"15612","195.15"
"17475","194.37"
"16403","193.95"
"17904","193.82"
"15683","193.75"
"17343","193.64"
"15198","193.64"
"16847","193.44"
"14806","193.39"
"17383","193.39"
"14476","193.00"
"12522","192.72"
"12791","192.60"
"16887","192.33"
"17608","191.99"
"14100","191.95"
"15909","191.94"
"15888","191.39"
"15692","191.04"
"17233","190.88"
"15723","190.70"
"13033","190.55"
"15412","190.53"
"13972","190.25"
"12361","189.90"
"13663","189.47"
"14801","189.34"
"14830","188.88"
"14697","188.61"
"17781","188.02"
"18013","187.29"
"13568","187.05"
"17279","187.03"
"14551","186.23"
"15567","186.01"
"12641","185.90"
"17574","185.65"
"14199","185.40"
"16097","185.05"
"13482","184.64"
"16424","184.56"
"17680","184.40"
"16433","184.26"
"15124","184.19"
"16914","183.76"
"16680","183.70"
"14059","183.60"
"13460","183.44"
"13059","183.40"
"14966","183.02"
"16448","182.99"
"14082","182.25"
"16594","181.09"
"15886","181.09"
"15945","181.00"
"16835","180.85"
"18119","180.70"
"18280","180.60"
"13710","180.48"
"14722","180.42"
"12622","180.10"
"15041","179.93"
"18282","179.50"
"13420","179.35"
"18147","179.34"
"15895","179.17"
"15454","179.10"
"14705","179.00"
"16990","179.00"
"16620","178.96"
"15139","178.96"
"15262","178.95"
"17660","178.75"
"13778","178.70"
"17879","178.52"
"15292","178.39"
"18045","178.34"
"17253","178.26"
"17356","178.22"
"14295","177.70"
"13618","177.34"
"12618","177.31"
"13072","177.15"
"17947","176.68"
"12893","176.55"
"12509","176.50"
"17582","175.27"
"17331","175.20"
"16144","175.20"
"18010","174.80"
"14355","174.40"
"14518","174.37"
"18278","173.90"
"14798","173.74"
"16565","173.70"
"12441","173.55"
"17772","173.45"
"15565","173.16"
"15670","173.05"
"14693","172.90"
"12923","172.82"
"13598","172.79"
"18048","172.29"
"13922","172.25"
"13690","172.25"
"12442","172.06"
"14860","172.02"
"16773","171.59"
"17245","171.45"
"13560","171.42"
"15432","171.19"
"14536","170.95"
"17542","170.75"
"15335","170.22"
"18058","170.16"
"15016","170.04"
"16462","170.0"
"13962","169.55"
"14218","169.48"
"14437","169.40"
"12367","168.90"
"14578","168.63"
"18099","168.31"
"16282","168.30"
"17737","168.24"
"15986","168.12"
"15374","168.00"
"12551","168.00"
"16952","167.61"
"17367","167.55"
"15920","167.50"
"16405","167.25"
"17650","166.08"
"12817","166.04"
"18088","166.03"
"17561","165.12"
"18042","165.05"
"15316","165.00"
"13470","165.00"
"15904","164.68"
"17535","164.40"
"13603","164.34"
"14552","164.22"
"14354","163.62"
"17110","163.30"
"17301","163.24"
"13223","163.20"
"14485","162.80"
"12920","162.78"
"16517","162.70"
"14073","162.54"
"15733","162.30"
"18014","162.22"
"17578","162.18"
"15325","161.74"
"17600","161.67"
"15458","161.64"
"16113","161.38"
"14237","161.00"
"13229","160.95"
"15852","160.71"
"12565","160.67"
"12573","160.54"
"18203","160.42"
"18146","160.35"
"14714","160.19"
"12966","160.18"
"13462","159.75"
"16213","159.00"
"18224","158.95"
"13937","158.85"
"15167","158.80"
"14089","158.75"
"17165","158.68"
"15160","158.16"
"15348","158.04"
"18004","157.92"
"17556","157.90"
"14799","157.70"
"17344","157.62"
"15836","157.27"
"14148","157.20"
"17128","157.09"
"14585","157.05"
"17118","157.02"
"15007","156.91"
"15988","156.78"
"14406","156.75"
"15438","156.58"
"15263","156.51"
"17885","156.34"
"13898","155.93"
"17871","155.90"
"17832","155.37"
"12738","155.35"
"15447","155.17"
"13809","155.05"
"14368","155.00"
"14046","154.99"
"17698","154.95"
"15740","154.88"
"17026","154.83"
"17899","154.55"
"15226","154.41"
"16406","154.35"
"16921","154.18"
"17517","153.94"
"16351","153.90"
"12602","153.12"
"17714","153.00"
"16720","152.95"
"16248","152.94"
"14813","152.88"
"17984","152.68"
"18138","152.65"
"17307","152.64"
"14066","152.55"
"17707","152.40"
"14039","152.20"
"13514","152.20"
"17898","152.06"
"16617","151.85"
"14208","151.74"
"14362","151.50"
"17286","151.37"
"13697","151.30"
"16337","151.05"
"15135","150.95"
"14204","150.61"
"16073","150.45"
"18200","150.35"
"15717","150.30"
"16932","150.23"
"17234","149.89"
"15869","149.64"
"17946","149.58"
"18262","149.48"
"16598","149.40"
"15435","149.29"
"13279","149.20"
"13003","149.05"
"17549","148.86"
"15526","148.44"
"14968","147.59"
"14098","147.35"
"14037","147.20"
"12864","147.12"
"17030","146.87"
"14238","146.85"
"16893","145.93"
"17935","145.79"
"13866","145.67"
"15937","145.35"
"17524","145.00"
"14483","145.00"
"16852","144.91"
"12974","144.80"
"15748","144.36"
"17186","144.00"
"12587","144.00"
"15705","143.10"
"16461","142.92"
"13299","142.50"
"16287","142.50"
"13584","142.40"
"14386","142.40"
"17859","141.92"
"13561","141.86"
"14041","141.41"
"16581","141.24"
"15503","141.04"
"15388","140.54"
"13483","140.34"
"14494","139.56"
"16483","139.35"
"17718","139.35"
"14772","139.26"
"18209","139.10"
"13273","138.98"
"12902","138.68"
"14581","138.60"
"17122","138.32"
"13716","138.28"
"15663","138.14"
"16611","137.99"
"16050","137.90"
"17709","137.45"
"17468","137.00"
"15691","136.80"
"14247","136.77"
"16412","135.99"
"12968","135.95"
"15042","135.93"
"14889","135.90"
"15419","135.86"
"15174","135.75"
"16114","135.75"
"16665","135.40"
"17972","135.19"
"16055","134.80"
"15728","134.80"
"13519","134.70"
"14340","134.70"
"15562","134.55"
"14174","134.46"
"12837","134.10"
"14280","134.04"
"14349","133.50"
"12445","133.40"
"17881","133.35"
"15709","133.25"
"17647","133.06"
"12512","132.18"
"17785","131.94"
"14438","131.90"
"12851","131.81"
"17455","131.70"
"14795","131.45"
"15844","130.74"
"12929","130.60"
"16679","129.75"
"16623","129.45"
"15276","128.63"
"16828","128.50"
"17297","128.18"
"15543","127.86"
"17359","127.86"
"13781","127.84"
"15578","127.10"
"15923","127.08"
"14962","126.70"
"16414","126.25"
"15463","126.14"
"16988","126.12"
"12814","125.92"
"13522","125.80"
"14861","125.79"
"14890","125.65"
"15017","125.58"
"12531","125.22"
"17148","124.88"
"14760","124.60"
"16849","124.57"
"16569","124.20"
"14495","123.80"
"16658","123.24"
"18277","123.13"
"15917","123.10"
"13876","122.70"
"13638","122.64"
"18018","122.14"
"13244","121.74"
"17746","121.70"
"13182","121.18"
"15049","121.17"
"14413","121.05"
"15512","121.00"
"13002","120.95"
"17446","120.90"
"14165","120.44"
"18015","120.03"
"14259","120.00"
"14314","120.00"
"14453","119.93"
"16542","119.62"
"15266","119.30"
"16666","118.98"
"15843","118.95"
"17079","118.80"
"14155","118.75"
"14076","118.67"
"13581","118.00"
"17654","117.55"
"16959","117.35"
"13877","117.24"
"17117","116.20"
"17601","116.01"
"16498","115.82"
"14143","115.80"
"15350","115.65"
"13067","115.46"
"18027","115.31"
"14972","114.77"
"15212","114.65"
"13188","114.60"
"16247","114.56"
"14632","114.56"
"17852","114.34"
"17219","114.23"
"14652","114.18"
"12938","114.14"
"14582","114.11"
"12651","114.00"
"14457","113.64"
"17217","113.50"
"15445","113.50"
"18105","113.48"
"16913","113.44"
"15280","113.12"
"14689","112.80"
"16697","112.75"
"13161","112.75"
"13807","112.60"
"18129","112.55"
"15610","112.46"
"17038","112.40"
"17065","112.35"
"14271","112.32"
"17967","112.27"
"12756","112.08"
"13193","112.08"
"17957","111.68"
"17887","111.35"
"18120","111.15"
"13508","110.97"
"13144","110.95"
"15537","110.92"
"15853","110.80"
"16963","110.55"
"14641","110.46"
"12734","110.40"
"17901","110.38"
"16792","110.38"
"17836","110.21"
"13133","109.80"
"16363","109.36"
"14699","109.13"
"14345","108.98"
"13170","108.81"
"17639","108.50"
"16106","108.38"
"13226","108.21"
"12956","108.07"
"15729","108.00"
"14661","107.95"
"17274","107.82"
"16784","107.60"
"15395","107.45"
"17893","107.21"
"16757","106.83"
"15168","106.56"
"15070","106.20"
"17791","106.10"
"15775","104.90"
"14027","104.82"
"15607","104.76"
"15958","104.35"
"18174","104.00"
"18255","103.30"
"14542","103.25"
"18011","102.79"
"13958","102.45"
"14836","102.45"
"17962","102.41"
"14981","102.12"
"13829","102.0"
"13948","102.00"
"16516","101.70"
"18068","101.70"
"17643","101.55"
"16006","101.40"
"18086","101.34"
"13101","101.19"
"14946","100.90"
"17427","100.80"
"14371","100.50"
"13703","99.50"
"17939","99.14"
"15256","98.45"
"17538","98.42"
"17349","98.25"
"16344","98.10"
"15422","97.70"
"12984","97.50"
"17325","96.80"
"15216","96.60"
"14642","96.12"
"17024","95.85"
"17895","95.45"
"18249","95.34"
"12548","95.20"
"16387","94.36"
"13651","94.20"
"16339","94.05"
"15638","94.00"
"15397","94.00"
"18033","93.82"
"15428","93.78"
"18227","93.75"
"13283","93.66"
"13106","93.50"
"18084","93.43"
"17991","93.35"
"12821","92.72"
"14054","92.46"
"12789","91.85"
"13160","91.80"
"13551","91.80"
"12659","91.68"
"15488","91.32"
"14353","90.60"
"13947","90.60"
"16506","90.30"
"15552","90.12"
"16597","90.04"
"14117","90.00"
"14974","89.94"
"14219","89.94"
"12686","89.14"
"14436","89.06"
"12353","89.00"
"15083","88.20"
"15180","87.50"
"13296","87.40"
"15541","85.13"
"13841","85.00"
"13666","84.65"
"12401","84.30"
"17309","82.75"
"13006","81.57"
"17620","81.44"
"18281","80.82"
"16789","80.80"
"13967","80.70"
"17752","80.64"
"13747","79.60"
"16078","79.20"
"15753","79.20"
"17747","78.15"
"17942","77.50"
"14785","77.40"
"13132","77.30"
"13992","76.80"
"14373","76.55"
"17536","76.50"
"15668","76.32"
"18113","76.32"
"14090","76.32"
"16148","76.32"
"17995","76.10"
"17628","75.75"
"16610","75.66"
"13403","75.00"
"16468","74.90"
"18050","74.40"
"13095","74.40"
"17960","73.78"
"18032","73.50"
"12506","73.50"
"16171","73.20"
"17906","72.90"
"13686","72.00"
"13938","71.66"
"13185","71.40"
"17022","71.00"
"18037","70.02"
"15863","68.84"
"13684","68.13"
"14393","67.95"
"17382","65.4"
"12665","64.25"
"13130","64.00"
"13302","63.75"
"13832","63.45"
"17263","63.44"
"14840","62.85"
"13218","62.64"
"15516","62.43"
"13194","60.70"
"17174","59.90"
"13391","59.80"
"13682","59.50"
"14957","58.49"
"13080","58.08"
"17775","56.40"
"15899","56.25"
"13366","56.16"
"16349","53.50"
"15504","52.83"
"14865","52.20"
"15313","52.00"
"14682","52.00"
"17844","51.56"
"14351","51.00"
"18268","51.00"
"13011","50.55"
"18256","50.10"
"18184","49.80"
"14821","48.80"
"15603","48.48"
"16257","46.95"
"14080","45.60"
"15423","43.50"
"14300","43.20"
"15992","41.99"
"15178","40.50"
"15940","39.80"
"14589","39.75"
"12977","39.24"
"16659","39.12"
"18019","38.45"
"12855","38.10"
"16162","37.40"
"17816","36.56"
"18141","35.40"
"17831","35.40"
"14576","35.40"
"16856","35.40"
"15744","34.80"
"16765","34.0"
"17408","32.65"
"13693","32.00"
"16262","31.65"
"16579","30.60"
"13120","30.60"
"15590","30.19"
"15657","30.00"
"16061","29.95"
"16878","26.60"
"17102","25.50"
"17820","24.05"
"16454","21.95"
"14627","21.85"
"17986","20.80"
"16953","20.80"
"14119","19.90"
"14777","17.45"
"16093","17.00"
"17763","15.00"
"13307","15.00"
"12870","14.90"
"17956","12.75"
"14792","12.40"
"17547","11.80"
"16138","7.95"
"12605","7.50"
"12505","4.5"
"16738","3.75"
"12943","3.75"
"16428","2.95"
"14679","2.55"
"16995","1.25"
"13256","0"
